ab,190
aba,27
abac,5
ba,306
bac,16
back,3
ac,249
ack,56
ck,202
abas,6
bas,45
base,5
as,633
ase,47
se,459
abat,2
bat,16
bate,3
at,371
ate,72
te,475
abb,17
abbe,3
bb,68
bbe,11
be,276
bey,5
ey,159
abbo,2
bbo,7
bo,300
bot,17
ot,266
abh,2
bh,12
bho,2
ho,311
hor,29
or,459
abi,15
abid,3
bi,181
bid,15
bide,5
id,248
ide,56
de,376
abl,14
able,10
bl,126
ble,35
le,582
led,50
ed,673
abo,23
bod,8
bode,3
od,156
ode,39
abor,6
bor,32
bort,4
ort,38
rt,147
bou,15
bout,3
ou,282
out,46
ut,202
bov,2
ov,78
ove,53
ve,331
abu,12
abus,4
bu,170
bus,24
buse,3
us,347
use,46
aby,3
abys,2
by,79
bys,3
byss,2
ys,86
yss,4
ss,115
aco,13
co,323
cor,29
corn,7
orn,27
rn,99
acr,11
cr,161
cri,24
ri,443
rid,23
act,24
acto,3
ct,63
cto,5
to,314
tor,30
acu,4
cu,136
cut,17
cute,5
ute,35
ad,284
ada,22
da,197
dag,4
ag,207
age,40
ge,243
dap,2
ap,237
apt,14
pt,58
ade,39
dep,3
dept,2
ep,120
ept,11
adm,6
admi,3
dm,6
dmi,3
mi,260
min,40
in,627
mit,23
it,316
ado,18
adob,2
do,267
dob,9
dobe,2
ob,125
obe,23
dop,7
op,178
opt,9
ador,3
dor,26
dore,3
ore,58
re,728
adu,4
du,123
dul,7
ul,242
ult,16
lt,97
af,98
aff,29
ff,121
ffi,3
fi,137
fix,10
ix,56
afi,10
afir,2
fir,15
fire,4
ir,276
ire,42
afo,5
fo,102
foo,6
foot,3
oo,370
oot,38
fou,11
foul,3
oul,28
aft,18
ft,74
fte,7
fter,2
ter,70
er,829
aga,26
ga,274
gai,9
gain,2
ai,300
ain,41
gap,8
gape,4
ape,44
pe,377
agat,2
gat,10
gate,4
agen,2
gen,24
gent,3
en,436
ent,60
nt,242
agi,17
agil,2
gi,130
gil,15
gile,2
il,342
ile,60
agin,2
gin,14
ging,4
ing,95
ng,269
agl,9
aglo,2
gl,107
glo,24
glow,3
lo,409
low,34
ow,259
ago,17
agon,4
go,224
gon,24
gony,2
on,470
ony,15
ny,106
agr,8
agre,2
gr,136
gre,24
gree,6
ree,63
ee,367
ah,105
ahe,8
ahea,2
he,288
hea,30
head,3
ea,347
ead,25
aid,26
aide,6
ider,8
der,44
ais,22
is,399
isl,6
isle,5
sl,103
sle,17
al,614
ala,50
alar,5
la,520
lar,44
ar,740
arm,27
rm,72
alb,4
lb,11
bum,7
um,224
ale,59
aler,6
ler,31
lert,2
ert,22
alg,8
alga,3
lg,16
lga,6
gae,5
ae,89
ali,39
li,361
lib,9
ib,68
ibi,5
alie,2
lie,28
lien,2
ie,269
ien,9
lig,9
lign,2
ig,127
ign,10
gn,28
alik,3
lik,13
like,7
ik,120
ike,38
ke,319
liv,12
live,8
iv,100
ive,55
all,52
alla,6
ll,244
lla,23
lay,22
ay,163
alle,8
lle,21
ley,18
allo,6
llo,20
lot,26
loy,7
oy,80
alo,29
lof,4
loft,3
of,63
oft,12
alon,6
lon,33
lone,3
one,62
ne,420
long,7
ong,42
aloo,3
loo,37
loof,4
oof,22
lou,25
loud,2
oud,7
ud,123
alp,11
alph,2
lp,42
lph,6
ph,82
pha,12
ha,363
alt,19
lta,4
ta,422
tar,41
lte,2
am,330
ama,39
amas,9
ma,460
mas,55
mass,4
ass,40
amaz,2
maz,14
maze,8
az,106
aze,44
ze,151
amb,28
ambe,3
mb,116
mbe,13
mber,4
ber,31
mbl,2
mble,2
ame,57
amen,7
me,377
men,39
mend,3
end,36
nd,193
ami,33
amis,6
mis,25
miss,3
iss,17
ity,10
ty,206
amo,13
amon,3
mo,318
mon,27
mong,4
amp,31
ampl,2
mp,135
mpl,3
pl,119
ple,24
mply,2
ply,9
ly,201
amu,9
amus,5
mu,157
mus,31
muse,6
an,635
ang,66
ange,4
nge,26
gel,8
el,386
ger,34
angl,2
ngl,3
ngle,2
gle,31
ngr,2
gry,7
ry,141
angs,16
ngs,52
gs,147
st,434
ani,22
anim,4
ni,212
nim,11
im,185
ime,34
ank,48
nk,164
nkl,2
nkle,2
kl,14
kle,4
ann,29
anne,2
nn,105
nne,16
nex,9
ex,98
nno,5
no,223
noy,4
annu,3
nnu,4
nu,90
nul,8
ano,19
nod,10
node,4
ant,69
anti,5
nti,15
ntic,2
ti,235
tic,22
ic,275
nv,7
vi,143
vil,13
ao,22
orta,4
rta,10
apa,25
pa,360
par,46
part,6
art,50
aph,9
aphi,2
phi,7
hi,221
hid,6
api,19
apin,3
pi,238
pin,42
ping,6
pn,2
pne,2
nea,16
app,30
appl,2
pp,82
ppl,2
apr,4
pr,150
pro,47
pron,4
ro,502
ron,48
tl,16
tly,7
arb,17
arbo,3
rb,54
rbo,5
ard,51
ardo,4
rd,118
rdo,9
are,94
aren,3
ren,33
rena,6
ena,32
na,326
arg,27
argu,2
rg,74
rgu,3
rgue,2
gu,123
gue,18
ue,121
ari,35
aris,9
ris,55
rise,9
ise,35
armo,2
rmo,3
mor,34
aro,26
arom,2
rom,20
roma,4
om,202
oma,25
aros,6
ros,59
rose,7
os,417
ose,59
arr,36
arra,8
rr,123
rra,20
ra,655
ray,28
arro,4
rro,9
row,38
ars,64
rs,248
rso,5
rson,2
so,205
son,24
arts,10
rts,31
ts,429
tsy,8
sy,119
asc,7
asco,3
sc,134
sco,32
scot,4
cot,14
ash,39
ashe,4
sh,280
she,30
shen,4
hen,18
asi,11
si,169
sid,12
side,5
ask,15
aske,3
sk,143
ske,31
skew,2
kew,2
ew,99
assa,5
ssa,13
ssay,2
sa,276
say,12
asse,10
sse,23
set,20
et,287
ato,21
tol,17
toll,3
ol,339
oll,45
aton,3
ton,35
tone,6
att,36
atti,3
tt,141
tti,8
au,205
aud,18
audi,2
udi,12
di,205
dio,10
io,88
dit,13
aug,13
ug,112
ugu,4
gur,11
ur,360
aun,22
aunt,11
un,348
unt,42
unty,4
nty,22
av,142
ava,23
va,138
vai,6
vail,2
ail,37
ave,71
aver,12
ver,58
vert,6
avi,21
via,5
vian,2
ia,167
ian,17
avo,9
vo,85
voi,9
void,3
oi,137
oid,18
aw,169
awa,23
awai,2
wa,228
wai,16
wait,3
ait,23
wak,8
wake,5
ak,198
ake,60
awar,4
war,31
ward,3
ware,6
awas,5
was,17
wash,4
wf,7
fu,83
ful,9
awo,3
wo,82
wok,4
woke,3
ok,145
oke,58
ax,64
axi,11
xi,51
xia,3
ial,14
axio,2
xio,2
iom,3
ion,18
azu,5
azur,3
zu,16
zur,4
ure,42
acon,4
con,33
bad,4
adg,11
adge,8
dg,50
dge,32
adl,7
adly,3
dl,21
dly,7
bag,9
agg,22
aggy,9
gg,76
ggy,32
gy,113
bak,8
bake,4
aker,12
ker,48
bal,28
bale,3
balm,2
alm,25
almy,4
lm,43
lmy,5
my,95
ban,31
bana,2
ana,37
anal,4
nal,19
anj,4
nj,14
njo,2
jo,66
bar,43
arge,6
rge,21
aron,3
basa,3
asa,18
asal,4
sal,37
basi,5
sic,8
sil,17
asin,2
sin,22
asis,3
sis,12
bast,5
ast,55
aste,7
ste,53
atc,10
atch,10
tc,42
tch,42
ch,407
bath,2
ath,31
athe,5
th,246
the,47
bato,2
batt,4
atty,9
tty,39
baw,7
bawd,2
awd,6
awdy,2
wd,16
wdy,6
dy,142
bay,9
ayo,8
yo,89
you,9
bea,25
eac,8
each,5
ach,40
bead,2
eady,4
ady,14
bear,4
ear,62
eard,6
eas,34
east,7
bee,11
eec,6
eech,5
ec,122
ech,22
beef,2
eef,8
eefy,2
ef,64
efy,3
fy,43
bef,2
efi,8
efit,3
fit,9
beg,11
bega,4
eg,92
ega,14
egan,2
gan,27
bege,2
ege,15
eget,2
get,5
egi,6
begu,2
egu,9
gun,10
bei,7
bein,2
ei,135
ein,27
eing,2
bel,29
elc,7
elch,6
lc,28
lch,14
beli,3
eli,23
elie,2
bell,5
ell,50
elle,2
elly,11
lly,52
belo,2
elo,21
ben,19
enc,10
ench,6
nc,100
nch,29
bere,2
ere,39
ret,28
err,21
erry,11
rry,30
erth,2
rth,18
bes,37
bese,4
es,919
ese,24
eset,2
bet,12
bete,3
ete,28
etel,2
tel,22
bev,6
beve,2
ev,89
eve,46
evel,7
vel,27
bez,4
beze,2
ez,32
eze,14
zel,7
bib,4
ibl,4
bic,8
bice,2
ice,36
ce,198
cep,3
idd,11
iddy,7
dd,67
ddy,35
big,8
bigo,2
igo,14
igot,3
got,16
bil,13
bilg,2
ilg,3
lge,2
bill,2
ill,58
illy,10
bin,17
bing,4
inge,10
ingo,6
ngo,24
bio,7
ome,33
bir,16
irc,4
irch,2
rc,38
rch,12
irt,19
irth,7
bis,11
biso,2
iso,8
ison,2
bit,21
bitt,3
itt,26
itty,8
bla,35
lac,20
lack,9
blad,3
lad,20
lade,9
blam,2
lam,27
lame,6
blan,3
lan,49
land,6
and,44
lank,7
blar,2
lare,5
blas,3
las,54
last,5
laz,10
laze,4
blea,4
lea,45
leak,4
eak,24
leat,4
eat,39
blee,3
lee,35
leed,2
eed,35
leep,5
eep,28
blen,2
len,18
lend,2
bles,3
les,70
ess,20
bli,17
blim,2
lim,35
limp,4
imp,25
blin,6
lin,47
lind,3
ind,33
link,6
ink,49
blis,2
lis,30
blit,3
lit,28
litz,2
itz,6
tz,21
blo,18
loa,17
loat,5
oa,145
oat,22
bloc,2
loc,18
lock,6
oc,131
ock,39
lok,6
loke,4
blon,2
ond,27
bloo,4
lood,2
ood,21
loom,4
oom,26
blow,4
lown,6
own,34
wn,61
blu,18
blue,5
lu,201
lue,21
luer,2
uer,12
luf,6
luff,6
uf,64
uff,41
blun,2
lun,21
lunt,2
blur,3
lur,20
lurb,2
urb,10
urt,16
lus,28
lush,5
ush,26
boa,8
boar,3
oar,16
oard,2
oas,14
oast,7
bob,10
obb,17
obby,10
bby,32
bon,18
bone,4
oney,6
ney,12
bong,2
ongo,6
bonu,2
onu,6
onus,3
nus,15
boo,29
boob,2
oob,9
ooby,3
oby,5
boos,2
oos,18
oost,3
ost,22
boot,3
ooth,4
oth,21
ooty,8
oty,11
booz,2
ooz,10
ooze,4
oz,48
oze,26
oozy,3
ozy,3
zy,37
bora,4
ora,50
rax,5
born,3
orne,3
rne,13
bos,24
boso,2
oso,7
som,6
boss,2
oss,21
ossy,4
ssy,23
otc,8
otch,8
boug,2
oug,17
ough,9
ugh,25
gh,74
boul,2
oule,7
ule,33
boun,2
oun,22
ound,10
und,40
bow,16
bowe,5
owe,41
owel,5
we,183
wel,23
box,9
boxe,4
ox,61
oxe,25
oxer,2
xe,102
xer,17
br,145
bra,47
brac,4
rac,23
race,6
ace,39
brai,3
rai,41
raid,2
rain,7
brak,3
rak,19
rake,7
bran,5
ran,71
rand,5
bras,3
ras,48
rash,3
rass,6
brav,4
rav,17
rave,11
braw,3
raw,21
rawl,6
awl,14
wl,40
rawn,4
awn,25
bre,26
brea,3
rea,46
read,8
reak,6
bree,4
reed,10
bri,30
ria,27
riar,2
iar,10
rib,10
ribe,3
ibe,21
ric,35
rick,7
ick,47
ride,6
brie,3
rie,40
rief,3
ief,10
brin,6
rin,38
rine,5
ine,78
ring,8
rink,5
iny,10
bris,4
risk,4
isk,13
bro,24
roa,21
road,4
oad,12
roi,13
roil,4
oil,27
rok,13
roke,9
broo,5
roo,43
rood,2
rook,6
ook,38
room,6
rot,26
roth,4
brow,2
rown,7
bru,17
brun,2
ru,224
run,30
runt,5
brus,3
rus,36
rush,4
brut,2
rut,8
bud,9
udd,13
uddy,9
udg,10
udge,6
bug,6
ugg,13
uggy,7
ugl,3
ugle,2
bui,4
buil,2
ui,93
uil,10
uild,2
ild,12
ld,80
uilt,3
ilt,24
bul,10
bulg,2
ulg,4
bulk,2
ulk,14
ulky,3
lk,56
lky,13
ky,161
bull,3
ull,35
ully,10
bun,25
bunc,3
unc,23
unch,7
bunn,2
unn,14
unny,10
nny,41
bur,31
burl,2
url,18
urly,6
rl,83
rly,13
burn,3
urn,19
urnt,2
rnt,4
burs,3
urs,36
urst,5
rst,13
used,5
sed,33
ushy,9
shy,21
hy,88
but,13
utc,6
utch,6
butt,3
utt,23
utte,2
tte,15
ux,19
xo,17
xom,2
buy,3
uy,15
uye,3
uyer,2
ye,127
yer,34
byl,2
yl,89
yla,7
law,17
ca,293
cab,11
caba,2
abal,2
abby,7
abin,2
cac,6
caca,2
aca,15
ache,9
che,52
acti,2
cti,6
cad,14
add,26
addy,10
cade,3
det,6
cag,6
cage,4
gey,7
cai,7
cair,2
air,40
airn,3
irn,8
cam,15
came,3
amel,3
mel,24
meo,5
eo,52
can,28
cand,3
andy,11
ndy,23
cann,3
anny,8
cano,2
noe,6
oe,81
anon,2
non,21
cap,22
cape,5
aper,10
per,64
capu,2
apu,8
aput,2
pu,160
put,18
car,47
cara,3
ara,32
arat,2
rat,47
argo,8
rgo,15
caro,4
arol,2
rol,16
carr,2
arry,6
carv,2
arv,11
arve,4
rv,31
rve,12
cas,24
cast,2
cat,8
cate,2
ater,13
catt,2
cau,13
caul,3
aul,30
aulk,3
caus,2
aus,11
ause,3
cav,8
cavi,2
cea,6
ease,11
ced,17
eda,11
dar,22
cel,10
cell,5
ello,5
cha,55
chaf,3
haf,9
afe,9
fe,132
haff,2
chai,3
hai,16
hain,3
hair,3
chal,2
hal,37
alk,15
cham,2
ham,16
chan,4
han,34
hant,2
hao,3
aos,4
char,10
har,41
hard,4
harm,4
hart,3
chas,2
has,19
hase,2
hasm,2
asm,8
sm,72
chea,2
heap,4
eap,9
heat,5
hec,4
heck,2
eck,26
chee,5
hee,26
heek,3
eek,25
ek,66
heer,4
eer,38
ches,6
hes,15
hest,3
est,56
chi,54
chic,5
hic,9
hick,3
hide,4
chie,2
hie,11
hief,2
chil,4
hil,21
ili,15
hill,6
chim,4
him,8
hime,2
chin,6
hin,30
hina,2
ina,21
chir,8
hir,23
irp,3
rp,39
cho,39
choc,3
hoc,8
hock,3
choi,2
hoi,8
oir,9
chok,3
hok,10
hoke,4
chor,3
hord,2
ord,26
hore,3
chos,3
hos,22
hose,9
chu,17
hu,126
huc,3
huck,3
uc,99
uck,34
chum,2
hum,16
hump,6
ump,43
hun,11
hunk,4
unk,37
chur,3
hur,18
chut,2
hut,12
hute,2
ci,85
cid,8
cide,3
cig,3
iga,12
gar,27
cin,13
cinc,2
inc,27
inch,6
cir,6
circ,2
rca,4
civ,6
civi,3
ivi,9
vic,7
cl,109
cla,31
clac,2
clai,2
lai,28
aim,10
clam,3
lamp,3
clan,3
lang,4
clas,4
lash,5
asp,19
sp,183
lass,6
cle,23
clea,3
lean,5
ean,28
lear,6
clef,2
lef,7
left,5
eft,12
erk,16
rk,92
cli,16
lic,23
lick,6
clif,2
lif,11
liff,2
if,97
iff,25
clim,3
limb,6
imb,22
clin,4
ling,9
clo,30
cloa,2
oak,14
clon,3
los,36
lose,7
clot,3
loth,2
clou,4
lout,5
lov,10
love,8
clow,2
clu,8
luc,7
luck,4
clue,3
lued,5
ued,14
lum,27
lump,6
clun,2
lung,7
ung,41
coa,13
coac,2
oac,6
oach,5
cob,8
obr,3
obra,2
coc,9
coco,2
oco,9
col,20
colo,3
olo,23
olon,4
olor,2
lor,21
com,24
come,3
met,26
mf,5
comi,2
omi,13
omic,3
mic,29
comm,5
omm,16
omma,2
mm,75
mma,16
onc,14
onch,2
cond,2
ondo,7
ndo,17
coni,3
oni,22
onic,7
nic,31
cop,14
cops,3
ops,37
ps,234
pse,7
cora,2
oral,10
ral,30
core,5
orer,4
rer,32
orny,3
rny,8
cou,18
ouc,13
ouch,8
uch,25
coug,2
ould,4
uld,9
ount,3
coup,3
oup,21
oupe,4
up,114
upe,18
cour,6
our,34
ourt,2
cov,7
cove,6
oven,6
ven,35
over,8
vet,7
ovey,2
vey,8
cow,11
cowe,2
ower,11
wer,27
coy,8
oyl,10
oyly,3
yly,10
cra,42
rack,7
raf,14
raft,6
cram,4
ram,41
ramp,4
cran,4
rane,5
ane,50
rank,8
cras,2
crat,2
rate,12
craw,3
craz,2
raz,13
raze,8
azy,5
cre,31
crea,3
ream,6
eam,19
cred,3
red,72
redo,5
edo,8
cree,6
reek,4
reep,2
crem,3
rem,18
reme,5
em,173
eme,32
crep,4
rep,23
repe,4
epe,15
cres,3
res,97
ress,4
rest,8
crie,3
ried,6
ied,18
rier,7
ier,30
crim,4
rim,24
rime,6
rimp,2
cris,3
risp,2
isp,5
cro,36
roak,4
croc,3
roc,15
rock,7
cron,5
rone,9
rony,3
croo,4
cros,3
ross,6
crou,2
rou,31
roup,4
crow,5
rowd,2
owd,9
cru,22
crud,4
rud,12
rude,4
ude,19
crue,3
rue,12
ruel,2
uel,5
crum,3
rum,32
rumb,3
umb,21
rump,8
crus,5
rust,6
ust,35
cry,5
ryp,6
rypt,2
yp,37
ypt,3
cub,8
cubi,2
ub,96
ubi,12
ubic,2
cum,7
umi,11
cur,30
curi,3
uri,20
rio,15
curl,3
curr,2
urr,30
urry,9
curs,4
urse,4
rse,27
curv,2
urv,5
urve,2
rvy,5
vy,32
cuti,3
uti,14
utie,2
tie,13
cy,46
yb,13
ybe,4
cyc,4
cycl,2
yc,17
ycl,4
ycle,2
yn,48
yni,2
dad,9
dai,8
aily,4
ily,14
airy,5
iry,7
isy,4
dal,19
dall,2
ally,9
dan,14
danc,2
anc,23
ance,6
nce,30
dand,2
dat,10
atu,8
tu,135
tum,12
dau,8
dea,19
deal,3
eal,36
eath,6
deb,14
deba,2
eb,82
eba,11
ebar,3
ebi,5
ebit,2
debu,5
ebu,13
ebut,2
dec,14
deca,5
eca,18
ecal,4
cal,33
cay,3
deco,3
eco,5
ecr,2
def,5
efe,6
efer,3
fer,24
dei,10
eig,10
eign,4
eit,5
eity,2
del,21
ela,22
elay,3
delt,2
elt,20
elta,2
elv,8
elve,6
lv,26
lve,13
dem,13
demo,5
emo,14
emon,3
emu,6
emur,4
mur,26
den,16
deni,2
eni,22
ens,46
ense,8
ns,288
nse,23
epo,11
epot,2
po,281
pot,18
erb,10
erby,2
rby,8
eter,4
eto,11
etox,2
tox,4
deu,2
eu,50
euc,6
uce,11
dev,7
devi,2
evi,12
evil,3
dia,11
ary,21
dic,23
dice,4
icey,4
cey,7
dig,3
igi,6
git,5
dil,5
dill,3
dim,7
iml,2
ml,5
mly,2
din,20
dine,3
iner,10
ner,39
ding,4
ingy,8
ngy,18
iod,4
dir,10
irg,5
irge,2
dirt,2
rty,13
dis,25
disc,3
isc,7
isco,3
itc,12
itch,12
ditt,3
itto,2
tto,13
div,11
dive,4
iver,11
diz,2
iz,57
izz,15
izzy,5
zz,41
zzy,15
dod,4
dodg,2
odg,10
odge,6
odgy,4
dgy,18
dog,9
og,139
ogm,2
gm,13
gma,9
doi,5
oin,23
oing,5
dol,19
doll,2
olly,12
don,19
ono,6
onor,3
nor,18
nut,6
dope,4
ope,42
opey,3
pey,6
dou,16
oub,2
bt,2
dow,23
dowd,2
owdy,3
dowe,3
down,4
owny,3
wny,7
owr,9
owry,3
wr,39
wry,5
doz,5
doze,5
ozen,4
zen,10
dr,105
dra,28
draf,2
drai,2
dram,2
rama,3
dran,2
drap,3
rap,31
rape,9
draw,4
dre,20
drea,3
dres,2
dri,17
drie,3
rif,13
rift,5
ift,23
dril,2
ril,21
rill,10
riv,11
rive,7
dro,25
droi,3
oit,12
drol,2
roll,5
dron,2
droo,5
rool,3
ool,31
roop,4
oop,34
rov,9
rove,8
drow,2
dru,9
rui,7
uid,11
runk,4
dry,6
rye,8
ryer,6
ryl,5
ryly,2
duc,10
uchy,2
chy,12
dull,2
dum,12
umm,18
ummy,8
mmy,26
dump,2
umpy,8
mpy,18
py,114
dun,13
dunc,3
unce,6
dus,13
dusk,2
usk,16
usky,6
sky,20
dust,3
usty,7
sty,31
dut,2
uv,18
uve,10
dw,13
dwa,8
warf,2
arf,12
rf,30
dwe,3
dwel,2
well,4
welt,3
yi,33
yin,15
ying,7
eag,6
eage,2
ager,11
eagl,2
agle,5
earl,3
arl,21
arly,3
eart,4
arth,2
sel,16
eate,3
aten,4
ten,31
ebo,8
ebon,2
clat,2
lat,34
edi,20
edic,2
dict,6
ict,11
edif,2
dif,5
ify,4
eri,25
erie,2
egr,3
eigh,4
igh,27
ight,15
ght,17
ht,40
ej,9
je,54
ect,11
eki,4
ekin,2
ki,149
kin,24
king,5
late,10
elb,2
lbo,2
eld,17
lde,8
lder,3
ele,24
lec,9
leg,13
elf,10
lf,24
lfi,2
fin,12
elid,3
lid,15
lide,4
elit,3
lite,7
ite,52
elop,2
lop,17
lope,5
elu,4
lud,9
lude,3
ema,21
mai,17
mail,5
emb,13
embe,3
mbed,2
bed,24
cee,4
emp,13
empt,6
mpt,8
mpty,2
pty,3
nac,7
endo,3
ndow,2
ene,36
enem,2
nem,7
nema,2
emy,4
enj,2
joy,2
enn,20
ensu,2
nsu,4
su,116
sue,9
ente,6
nte,17
nter,2
entr,2
ntr,6
tr,177
try,9
env,3
envo,2
nvo,3
voy,2
poc,6
poch,3
och,24
pox,3
oxy,3
xy,18
eq,5
equ,5
qu,120
qua,35
qual,4
ua,80
ual,7
equi,3
qui,37
quip,4
uip,4
ip,117
era,19
eras,2
rase,6
rec,23
rect,5
ero,21
rod,15
rode,5
erro,2
ror,18
eru,7
rup,7
upt,5
essa,2
este,3
ster,5
eth,22
ethe,2
ther,5
her,29
ethi,2
thi,19
thic,2
etho,2
tho,16
thos,2
etu,6
tud,4
tude,2
eva,6
vad,5
vade,3
even,5
vent,3
ever,8
ery,15
evo,10
exa,6
xa,12
exal,2
xal,4
exe,24
exer,4
exi,14
exil,2
xil,4
xile,2
exis,2
xis,6
ist,49
exp,3
xp,3
pel,23
ext,7
exto,2
xt,15
xto,2
tra,48
exu,6
exul,2
xu,8
xul,2
fa,138
fab,3
fac,11
face,5
acet,5
cet,9
fai,9
fain,3
aint,6
int,44
fair,3
aith,6
ith,30
fal,7
fals,2
als,51
alse,4
ls,282
lse,8
fan,14
fanc,2
ancy,3
ncy,7
far,18
farc,3
arc,17
arce,2
rce,5
fat,8
ata,26
atal,5
tal,43
fau,10
faul,2
ault,6
faun,2
auna,2
una,19
fav,6
avor,2
vor,5
fea,10
feas,2
fec,5
fei,3
fel,10
fell,3
ella,5
elon,4
fem,6
femm,2
emm,12
emme,5
mme,19
fen,7
ence,4
eral,3
fet,11
feta,2
eta,27
etal,4
etc,5
etch,5
eti,13
etid,2
tid,9
tus,18
ewe,26
ewer,5
fib,3
iber,4
fic,8
icu,3
icus,2
cus,23
fie,12
iel,14
ield,5
fien,2
iend,2
fier,4
iery,2
fif,6
fift,2
ifty,5
fty,12
fig,3
fil,20
file,4
iler,7
ilet,3
let,24
fill,4
film,3
ilm,3
ilth,2
lth,5
inal,3
finc,2
fine,3
irs,30
fis,11
fish,2
ish,20
ishy,2
fixe,3
ixe,16
ixer,4
fiz,3
fizz,2
fj,2
jor,5
fl,113
fla,31
flai,2
lair,6
flak,3
lak,14
lake,5
aky,10
flam,4
flan,3
flar,2
flas,2
fle,17
leck,4
flee,4
leet,5
eet,20
lesh,2
esh,7
fli,16
flic,2
flie,3
lier,4
flin,2
lint,6
flir,2
lir,5
flo,24
floc,2
floo,2
loor,2
oor,19
flor,4
lora,3
flos,2
loss,3
flou,2
lour,5
flow,4
flu,18
lui,3
luid,2
fluk,2
luk,4
luke,2
uk,70
uke,18
flum,2
lume,5
ume,17
flun,2
lunk,6
flut,2
lut,18
lute,8
fly,7
lye,3
lyer,3
foa,4
foam,3
oam,8
oamy,2
amy,10
foc,2
oca,9
ocal,3
ocu,8
ocus,6
fog,8
ogg,15
oggy,8
foi,4
ois,16
oist,6
fol,9
foli,4
oli,27
olio,3
lio,6
for,25
fora,2
oray,3
orc,6
forg,2
org,16
orge,3
orgo,3
fort,4
orte,4
rte,10
orth,5
orty,5
oru,8
orum,2
foun,2
foy,3
oye,17
oyer,4
fr,79
fra,20
frai,3
rail,7
rame,9
fran,2
frau,2
rau,8
fre,13
free,4
reer,4
fri,19
frie,3
fris,3
frit,7
rit,26
ritz,2
fro,20
fron,3
rond,4
ront,3
ont,19
fros,3
rost,5
frow,3
roz,6
roze,4
fru,5
ruit,2
uit,10
fud,3
fudg,2
fug,9
fugu,2
full,3
fun,15
fung,3
ungi,4
ngi,12
funk,2
unky,6
nky,25
fur,13
furo,4
uro,12
uror,2
furr,2
fus,12
uss,13
ussy,6
fuz,5
uz,28
uzz,7
uzzy,4
gaf,3
gaff,2
affe,2
ffe,9
gam,21
game,4
amer,4
mer,42
gamm,3
amm,21
amma,6
mut,14
gas,28
assy,5
gau,15
gaud,2
udy,5
auge,4
uge,14
gauz,2
auz,3
uze,9
gav,3
gave,2
avel,8
gaw,6
gawk,2
awk,15
awky,3
wk,22
wky,3
gay,3
aye,21
ayer,7
ayl,7
gaz,8
gaze,4
azer,5
zer,11
gec,2
geck,2
ecko,2
cko,9
ko,114
gee,9
geek,2
eeky,3
eky,3
gees,3
ees,32
eese,4
geni,6
enie,2
nie,13
genr,2
enr,4
nr,12
nre,2
gho,3
host,3
hou,15
gia,5
iant,3
gid,4
gip,4
ips,21
ipsy,3
psy,10
gir,12
girl,3
irl,23
irly,3
girt,2
giv,5
give,5
iven,3
gla,19
glad,3
glan,2
glar,2
glaz,2
glea,2
leam,3
gli,13
gloa,2
glob,4
lob,13
lobe,3
gloo,4
lory,2
ory,7
glos,2
gly,6
lyp,6
yph,4
gna,12
nas,37
nash,4
gno,4
nom,11
nome,3
god,6
odl,3
goi,3
gol,11
gole,2
ole,62
lem,15
ona,18
onad,2
nad,7
gone,3
oner,10
goo,23
good,4
oody,7
ody,13
ooe,18
ooey,8
oey,9
goof,2
oofy,5
ofy,5
goos,2
oose,8
gor,19
gou,8
ouge,4
gour,2
ourd,3
urd,16
gra,36
grad,2
rad,25
rade,3
graf,2
grai,3
gran,5
rant,7
grap,3
raph,2
gras,2
rasp,3
grat,3
grav,3
avy,5
reat,4
reen,5
een,25
reet,2
gri,30
grim,2
rimy,2
imy,6
grin,3
rind,3
grip,4
rip,22
ripe,7
ipe,32
gro,26
groa,2
roan,3
oan,10
roin,3
groo,2
rop,12
rope,6
gros,3
grou,3
rout,6
grov,2
grow,3
rowl,3
owl,24
gru,11
grue,3
gruf,2
ruf,7
ruff,4
grun,2
gua,11
guar,2
uar,10
uav,2
gues,3
ues,18
uest,2
gui,9
guid,3
guil,3
uile,2
uis,9
gul,15
ulc,7
ulch,3
gull,2
gum,11
umbo,7
mbo,28
gumm,3
upp,11
uppy,6
ppy,37
gus,19
gust,3
sto,56
gyp,5
yps,2
hab,8
halv,2
alv,9
alve,4
hand,4
hap,13
happ,2
appy,10
ardy,8
rdy,16
hare,7
harp,3
arp,14
rpy,3
harr,2
hars,3
arsh,2
rsh,6
hast,4
asty,6
hat,15
hate,3
hau,16
haun,2
haut,2
aut,17
aute,4
hav,12
have,6
aven,6
voc,4
haz,8
haze,4
azel,2
hear,6
heav,2
eav,11
eave,8
eavy,3
hed,15
hedg,2
edg,13
edge,8
hef,6
heft,5
efty,2
hei,11
eis,21
eist,6
hel,24
heli,2
elix,2
lix,7
hell,5
henc,2
hero,3
eron,2
hing,7
hip,11
hipp,2
ipp,19
ippo,4
ppo,9
ippy,11
hit,10
hoa,9
hoar,3
hob,4
hois,2
hol,25
holl,4
hom,12
home,4
omer,6
hon,24
hone,8
hono,2
orde,3
rde,9
horn,4
hors,4
ors,25
orse,8
hot,18
hote,3
ote,45
otel,3
otl,2
hous,2
ous,26
ouse,10
hov,7
hove,7
ovel,3
how,23
howd,2
huma,2
uma,13
man,58
humi,2
umid,2
mid,14
umo,4
umor,3
umph,5
mph,8
umu,2
umus,2
hurr,3
hus,15
husk,2
hyd,4
hydr,2
yd,19
ydr,4
hye,3
hyen,2
yen,7
hym,9
hyme,4
ym,34
yme,10
hyp,6
hype,3
ype,17
yper,2
ici,8
cil,3
icin,3
cing,2
idea,2
idi,9
idio,2
diot,2
iot,8
idl,5
idle,4
dle,10
idy,6
idyl,2
dyl,4
yll,2
igl,5
ilia,6
lia,23
iac,7
ima,21
imag,4
mag,13
mage,2
mbu,8
bue,2
impe,2
mpe,6
nan,19
inb,2
nb,9
nbo,2
nbox,2
incu,3
ncu,6
inde,2
nde,16
dex,7
nep,3
nert,3
inf,4
nf,10
nfe,2
ngot,2
inl,3
nl,20
nla,7
nlay,3
nle,5
nlet,2
inn,22
inne,3
np,9
npu,2
nput,2
inte,2
intr,2
tro,38
ira,15
iro,15
iron,5
ssu,4
ivo,7
ivor,2
ja,97
jau,4
jaun,2
azz,8
azzy,2
jel,5
jell,3
jer,4
jerk,2
erky,3
rky,16
jet,6
ett,20
etty,5
jew,3
jewe,2
ewel,4
ji,57
jif,2
jiff,2
iffy,5
ffy,17
joi,3
join,2
oint,4
jok,5
joke,4
oker,8
jol,9
joll,3
jou,8
oust,5
ju,49
jud,5
judg,2
jui,2
juic,2
uic,5
uice,2
icy,3
jum,5
jumb,2
jump,2
jun,6
junt,2
unta,3
nta,14
unto,2
nto,16
jur,6
ka,194
kap,11
appa,7
ppa,14
kar,21
arma,3
rma,12
kay,8
aya,19
ya,127
yak,4
keb,3
keba,2
ebab,2
bab,11
kh,28
kha,10
hak,13
haki,2
aki,20
kink,3
inky,9
kio,3
kios,2
ios,13
osk,5
kit,13
kn,39
kna,8
nack,2
nav,8
nave,5
kne,6
nead,2
knee,3
nee,21
need,4
neel,3
eel,28
knel,2
nel,10
kni,5
nif,10
nife,2
ife,12
kno,13
noc,2
nock,2
nol,9
noll,3
know,4
now,16
nown,2
koa,4
koal,2
oal,12
oala,2
kr,34
kri,4
lab,12
abe,20
abel,3
adle,2
lag,13
lage,2
lanc,4
anky,7
lap,20
laps,7
aps,33
apse,2
larg,3
arva,2
rva,5
asso,4
sso,9
lath,4
latt,4
atte,4
lau,16
augh,7
laye,2
leac,2
leaf,2
eaf,5
eaky,3
eant,3
leap,2
earn,5
arn,27
leas,5
eash,2
leav,2
ledg,2
leer,4
eery,4
egal,2
gal,29
legg,3
egg,12
eggy,2
lep,13
lepe,2
eper,2
lev,8
leve,5
libe,2
ibel,2
lieg,2
ieg,3
iege,2
ken,17
lil,6
ila,20
imbo,7
imi,12
line,7
nen,4
lip,17
lipi,2
ipi,6
ipid,2
pid,9
lith,3
ithe,8
ivid,2
vid,6
lama,3
loam,4
oath,2
locu,2
lod,8
ofty,2
log,23
logi,4
ogi,14
ogic,2
gic,4
ogin,2
loop,6
oopy,5
opy,8
loos,2
orr,11
orry,3
oser,5
ser,42
lous,3
ousy,5
usy,8
lowe,5
owly,3
wly,5
oya,13
oyal,2
yal,13
uci,5
ucid,2
ucky,6
cky,31
umen,3
luna,2
unar,3
nar,34
unge,4
lup,3
upu,2
upus,2
pus,11
urc,3
urch,2
urid,2
lust,2
lyi,3
lyin,2
lym,2
ymp,5
ymph,2
lyr,2
yr,45
yri,7
yric,2
mac,20
maca,2
caw,4
mach,4
acho,4
acro,3
mad,13
mada,3
adam,3
dam,13
maf,3
mafi,2
afia,2
fia,4
agm,3
agma,3
aiz,4
aize,2
ize,27
maj,5
majo,3
aj,33
ajo,6
mak,14
make,3
mam,13
mamb,3
ambo,6
mamm,2
ammy,9
mang,6
anga,9
nga,31
ango,4
angy,3
mani,4
ania,3
nia,11
anic,2
anl,4
anly,2
nly,4
mano,3
map,6
apl,3
aple,2
mar,46
marc,2
arch,4
marr,3
mars,2
aso,3
ason,3
mat,18
mate,5
tey,6
mau,17
mauv,2
auv,4
auve,3
max,5
maxi,2
xim,3
may,8
ayb,2
mayo,2
ayor,2
yor,6
mea,15
meal,2
ealy,2
aly,9
mean,4
meat,3
eaty,4
aty,12
mec,6
ecc,7
cc,32
cca,10
med,26
edal,3
medi,4
edia,2
mele,2
elee,4
melo,3
merc,3
erc,8
rcy,3
merg,2
erg,10
erge,4
meri,3
meta,2
mete,5
metr,2
etr,10
etro,3
micr,2
icr,3
midg,2
idg,6
idge,4
mids,3
ids,34
idst,2
ds,243
dst,4
mig,6
mil,23
milk,3
ilk,9
ilky,2
mim,8
mimi,2
minc,2
ince,7
mine,5
mini,2
ini,11
mino,4
ino,19
inor,2
mint,2
inty,3
inu,9
inus,3
mir,24
mise,2
iser,3
issy,6
moc,10
moch,4
mod,11
oda,9
odal,4
mode,4
odel,3
mog,8
mogu,2
ogu,10
moi,9
mol,29
mola,3
ola,27
olar,6
mold,2
old,25
oldy,2
ldy,4
mone,2
mont,3
nth,4
moo,24
mood,2
mora,7
moro,2
oro,7
oron,2
orp,9
mos,23
moss,2
mot,22
mote,8
moti,2
oti,10
tif,6
moto,2
oto,13
otor,2
mott,4
ott,32
otto,6
mou,19
moul,5
oult,3
moun,2
mour,2
ourn,3
mous,3
mout,2
outh,6
uth,9
mov,7
move,5
ovi,10
ovie,3
vie,15
mow,7
mowe,2
muc,11
muck,4
ucu,2
ucus,2
mud,9
mul,15
mulc,2
mum,7
mumm,2
mun,18
mura,2
ura,39
ural,8
murk,2
urk,9
mush,3
musi,2
usi,5
musk,2
must,4
rh,20
adi,22
nai,17
aiv,3
aive,3
nann,2
nat,16
nata,3
nava,2
aval,4
val,18
eedy,6
edy,10
nei,5
nerd,2
erd,12
erdy,2
nerv,2
erv,13
erve,6
nev,7
neve,3
new,12
newe,3
ewl,2
nice,3
icer,4
cer,25
nich,2
ich,24
iche,6
iec,2
iece,2
ece,6
nig,9
nigh,3
nin,14
nja,5
inny,9
nint,2
nob,5
nobl,2
obl,8
oble,5
bly,2
noi,8
nois,2
oise,4
noma,2
noo,16
nort,2
nos,25
nose,4
osey,7
sey,13
not,10
nov,6
nud,7
nudg,2
nur,15
nurs,2
utty,9
nyl,3
ylo,5
ylon,2
oake,5
aken,5
obes,6
occ,8
oce,5
oct,8
octa,4
cta,12
ctal,2
cte,5
tet,8
odd,10
odde,2
dde,5
dder,3
ddl,2
off,16
ffa,5
offe,2
ffer,2
ofte,2
olde,3
oliv,2
omb,25
mbr,5
mbre,3
onio,2
nio,12
nion,4
ons,44
onse,3
nset,3
oper,9
pera,3
opi,8
opin,2
pine,6
piu,3
pium,3
iu,11
ium,7
pti,3
orb,16
orbi,3
rbi,5
orga,2
rga,12
rgan,2
otte,6
tter,3
ught,2
oute,4
uter,7
ova,6
var,16
ovat,2
vat,9
ovin,2
vin,22
vine,6
ovo,4
owi,12
owin,2
wi,150
win,33
wing,6
owne,5
wne,8
wner,2
oxi,12
oxid,2
xid,2
ozo,3
zo,66
zon,10
zone,4
pad,16
padd,2
pag,10
agan,2
pai,15
pain,3
pal,36
pale,6
pals,3
alsy,2
lsy,2
pan,32
pane,4
anel,2
pani,3
pans,2
ans,61
ansy,2
nsy,7
pap,10
papa,4
pape,3
pare,8
arer,9
park,5
ark,31
arka,3
rka,5
parr,3
pars,2
arse,8
arty,3
pas,36
past,4
asta,4
sta,53
pat,25
pati,3
ati,22
atio,2
tio,2
pats,2
ats,52
patt,4
pau,6
pay,13
paye,3
ayee,2
yee,7
pea,25
peac,2
pear,5
pec,10
ecan,2
ped,39
pen,30
pena,2
enal,4
penn,4
enne,4
enny,8
perc,3
erch,2
peri,2
eril,2
perk,2
pes,44
esk,6
pest,4
esto,5
pet,14
peta,2
pett,3
phas,3
pho,14
phon,4
phot,4
pia,9
pian,4
pic,21
pick,3
icky,9
pie,16
piet,3
iet,6
ety,5
pig,4
igg,13
iggy,6
pil,25
pilo,3
ilo,11
pinc,2
iney,3
pink,4
pint,3
into,2
pip,11
pipe,4
iper,5
piq,2
piqu,2
iq,7
iqu,3
ique,2
que,28
pit,15
pith,2
ithy,2
thy,13
piv,3
pivo,2
ivot,2
vot,7
pix,3
pixe,2
xel,3
ixi,9
ixie,5
xie,14
piz,5
izza,2
zza,6
za,77
pla,34
plac,2
lace,7
plai,4
laid,4
lain,4
lait,3
plan,6
lane,6
lant,4
plat,5
laza,2
aza,16
plea,3
lead,3
pli,12
plie,3
lied,3
plu,19
plum,5
lumb,2
plun,2
poe,6
oes,10
esy,2
poi,7
poin,2
pok,10
poke,5
pol,18
polk,2
olk,10
lka,2
poly,2
oly,11
poo,33
ooc,5
ooch,4
pop,8
popp,2
opp,15
oppy,8
por,28
orch,2
pos,28
pose,5
osi,9
osit,2
sit,17
osse,3
pou,20
pouc,2
pout,3
outy,2
uty,6
pow,12
pra,27
pran,4
pre,28
pree,5
pres,5
pri,36
pric,3
rice,8
prid,2
prie,4
prim,7
rimo,2
imo,6
prin,3
prio,2
rior,2
ior,5
pris,4
ism,14
ivy,4
riz,6
rize,4
prob,3
rob,17
robe,4
rong,2
proo,3
roof,4
pros,5
prou,2
prow,3
rox,3
pru,9
prun,5
rune,4
une,17
psa,2
salm,2
pub,6
pubi,2
pud,8
pudg,2
udgy,4
puf,3
puff,3
uffy,6
pul,22
pulp,2
ulp,12
ulpy,2
lpy,4
uls,21
ulse,4
pun,19
punc,2
pup,9
upi,5
pupp,2
pur,26
pure,4
urer,4
purg,2
urg,16
urge,6
purs,3
putt,5
pyg,2
yg,9
gmy,2
uac,4
quai,3
uai,3
quak,2
uak,2
quar,4
uart,2
quas,4
uas,7
quee,5
uee,5
quer,2
ques,3
eue,2
quic,2
quie,2
uie,4
quil,3
quir,4
uir,7
irk,18
quit,3
uite,2
quo,16
quot,3
uo,28
uot,5
ota,23
uote,2
rab,13
bbi,3
rabi,3
acer,7
adar,2
radi,4
dii,3
ii,13
adio,2
rais,3
aise,3
raj,3
raja,2
aja,7
jah,3
rall,2
ranc,3
anch,6
rang,9
rapi,2
apid,3
rar,10
rare,6
aspy,4
spy,8
rati,2
ratt,4
ayon,3
yon,11
razo,2
azo,14
zor,6
reac,2
real,5
ealm,2
rear,5
reb,14
reba,2
rebe,3
ebe,19
ebel,4
rebu,4
ebus,3
reca,3
ecap,2
recu,3
ecu,6
ref,12
refe,3
refi,3
reg,17
rega,2
reh,2
eh,25
eha,2
rei,23
rel,16
rela,2
lax,8
reli,3
elic,3
remi,2
emi,16
emit,3
rene,3
enew,2
repa,4
epa,12
repl,2
epl,4
rese,6
resi,3
esi,9
retr,2
reu,5
eus,7
euse,2
rev,10
reve,5
evu,4
evue,2
vu,20
vue,2
rhi,4
rhin,2
hino,2
rhy,4
rhym,2
ridg,2
ifl,2
ifle,2
rig,18
rigo,4
igor,2
rins,5
ins,48
inse,4
sen,23
isky,3
riva,2
iva,13
ival,2
ivet,2
roas,2
obi,12
obo,17
obot,2
ocky,7
odeo,2
deo,6
rog,17
oge,16
oger,2
rogu,2
ogue,7
oomy,6
omy,9
roos,4
roto,4
roug,3
rous,3
rowe,5
roy,9
rudd,2
uder,2
rug,14
gb,2
rul,8
rule,4
uler,2
mba,13
rupe,2
pee,25
rur,4
rura,2
sad,14
saf,3
safe,3
afer,2
sai,15
sain,3
sala,4
sall,2
salo,3
sals,2
alsa,3
lsa,4
salt,3
alty,3
lty,12
salv,2
alvo,2
lvo,2
san,17
sand,2
sane,3
aner,2
sap,4
sas,16
sass,2
sat,12
sati,2
atin,4
tin,29
tyr,6
sau,14
sauc,3
auc,10
aucy,2
ucy,2
saun,3
saut,2
sav,8
savo,2
avv,4
avvy,4
vv,12
vvy,11
sca,38
scal,6
ald,16
calp,3
caly,2
scam,2
camp,5
scan,3
cant,5
scar,8
care,6
sce,5
scen,4
cen,9
cene,2
cent,4
sci,6
cio,2
cion,2
cof,2
coff,2
cold,3
scon,2
cone,6
scoo,3
coo,23
coop,3
scop,3
cope,5
scor,3
scou,4
cout,3
scow,3
cowl,2
scr,20
scra,9
crap,4
scre,2
crew,3
rew,18
scru,2
rub,17
scu,21
uba,18
edan,2
see,17
seed,2
seg,7
sei,11
seiz,2
eiz,4
eize,3
sem,7
seme,3
emen,3
sens,5
sep,8
sepi,2
epi,8
seri,5
serv,2
etup,3
tup,12
sev,4
seve,2
sew,10
sewe,4
sha,50
shac,2
hac,10
hack,6
shad,3
had,14
hade,3
haft,4
shak,5
hake,3
shal,5
hale,6
hall,3
halt,2
sham,3
hame,4
shan,3
hank,5
shap,2
hape,2
shar,6
hark,3
shaw,5
haw,15
hawl,2
shea,4
shee,5
heen,2
heep,3
heet,2
eik,9
shel,2
helf,2
shi,37
shie,4
hif,5
hift,2
shin,3
hine,5
hiny,2
shir,5
hire,5
hirk,2
hirt,2
sho,39
shoa,2
shon,2
shoo,5
hoo,37
hook,5
hoot,5
shor,4
hort,2
shou,2
hout,3
show,4
owy,6
wy,23
shr,6
shre,2
hr,26
hre,5
hrew,2
shru,2
hru,3
shu,13
shun,2
hunt,2
hush,3
hyl,11
sie,12
iev,7
ieve,6
sig,8
sigh,2
igm,4
igma,2
silk,2
sill,2
sine,3
inew,2
sing,3
sir,11
sire,4
six,6
sixt,3
ixt,6
xty,2
ska,13
skat,3
kat,9
ski,24
skie,4
kie,15
kier,2
kil,11
kill,2
skim,3
kim,7
skir,3
kir,8
sku,5
skul,2
ku,58
kul,9
kun,4
sla,24
slai,2
slan,4
slat,3
slee,4
leek,5
lept,3
sli,18
slic,2
lice,2
slim,3
lime,7
limy,2
slin,3
slo,21
sloo,3
slop,3
losh,2
osh,15
slot,2
slu,17
slum,2
slun,2
slur,3
urp,8
slus,2
sly,4
lyl,4
sma,11
mack,3
smal,3
mal,32
mall,2
smar,2
mart,2
mash,3
sme,11
mear,2
smel,2
mell,2
melt,3
smi,11
smil,2
mile,3
smir,3
mirk,4
smit,3
mite,4
smo,16
mock,3
smok,3
mok,11
moke,4
oky,12
sn,72
sna,19
nail,3
snak,2
nak,7
nake,3
snar,6
nare,2
narl,3
sne,14
snea,4
snee,3
sni,15
nid,9
nide,3
snif,2
niff,3
snip,3
nip,7
nipe,2
sno,18
snoo,5
noop,3
snor,2
nou,12
nout,2
snow,3
snu,5
nuc,3
nuf,2
nuff,2
soa,9
soap,2
oap,4
apy,5
sob,3
ober,2
sog,2
sol,22
sola,4
olid,2
olv,5
olve,3
soo,11
soot,4
sor,23
sorr,2
sou,14
sout,2
sow,15
sowe,2
spa,41
spac,3
pac,18
pace,6
spad,3
span,4
pank,3
spar,5
pasm,2
spaw,3
paw,12
pawn,2
spe,30
spea,5
peak,5
spec,3
peck,4
spee,3
spel,4
pell,2
pelt,3
spen,3
pend,4
pent,2
sper,2
perm,3
erm,18
spi,35
spic,6
pice,2
spie,5
pied,2
spik,3
pik,15
pike,6
spil,3
pill,2
spin,5
spir,3
pir,12
spit,3
spl,4
spla,2
plit,2
spo,20
poil,2
spoo,7
poof,3
pook,3
pool,3
poon,2
oon,29
spor,3
pore,5
port,7
spr,14
spra,4
pray,2
spre,3
spri,2
prig,2
spu,13
punk,4
spur,3
purt,2
sq,11
squ,11
squa,4
quad,2
uad,3
quat,3
uat,6
squi,4
quib,2
uib,2
tac,13
tack,3
taf,3
taff,2
stag,3
tag,10
tage,2
stai,4
tai,18
tain,3
tair,2
tak,13
take,4
stal,3
tale,4
talk,3
tall,3
tam,12
tamp,2
stan,5
tan,29
tank,4
star,7
tare,3
tark,2
tart,4
tas,44
stat,3
tat,13
tate,3
tav,4
tave,2
stea,6
tea,19
tead,3
teak,2
teal,2
team,2
stee,8
tee,21
teel,2
teer,2
stei,3
tei,7
tein,3
tern,3
ern,17
sti,33
stic,2
tick,3
tiff,2
stil,4
til,18
till,3
tilt,4
stin,3
ting,3
tink,2
tint,4
stoc,2
toc,6
tock,3
stoi,2
toi,9
oic,7
tok,9
toke,6
stol,2
tole,3
stom,2
tom,15
omp,17
ston,6
tony,2
stoo,5
too,12
tool,2
stor,4
tore,2
ork,18
orm,21
stou,4
tou,16
tout,2
str,19
stra,7
trap,5
traw,2
tray,3
stri,4
tri,36
trip,5
stru,2
tru,16
trut,2
stu,22
stuc,2
tuc,3
tuck,2
stud,3
tuf,6
tuff,3
stum,3
tump,3
stun,5
tun,14
tung,2
styl,3
tyl,7
tyle,2
yle,23
sua,2
sug,4
suga,2
uga,14
sui,5
suin,2
uin,14
uing,4
suit,2
sul,9
sulk,2
sull,2
sum,8
sun,8
sunn,3
sup,4
supe,3
uper,2
sur,19
sure,4
surg,2
sus,13
sw,77
swa,28
swam,3
wam,8
swar,5
warm,2
swat,2
wat,10
swe,16
swea,3
wea,11
wear,3
swee,6
wee,33
weep,4
weet,4
swel,2
swi,19
wif,7
wift,3
swil,2
wil,15
will,4
swin,3
wine,7
swir,2
wir,12
wirl,3
swis,2
wis,15
wish,3
swo,13
swoo,2
woo,18
woon,2
woop,3
swor,3
wor,16
word,3
wu,11
wun,2
wung,2
syn,7
yno,3
syr,3
yru,3
tab,16
tabl,3
tabo,3
aboo,3
aci,10
cit,9
acky,8
affy,5
tame,3
tang,6
tap,16
tape,6
tapi,2
tard,3
taro,4
tast,3
tatt,2
tau,8
taun,2
taw,10
awny,4
tear,3
eary,4
ted,40
tedd,2
edd,6
eddy,3
teet,2
tem,14
temp,4
mpo,5
tene,3
enet,4
net,15
teno,3
eno,17
enor,3
tens,3
tent,4
tep,8
tepe,2
epee,2
epid,2
terr,3
erra,3
ers,61
erse,6
tes,62
test,4
esty,7
tha,22
than,6
thei,3
heir,2
eir,12
them,2
hem,14
heme,4
here,5
thes,2
hese,2
thet,2
het,10
thig,2
hig,6
high,4
thin,4
hink,3
thir,2
ird,12
hong,3
thor,3
thr,10
thre,2
thro,3
hro,4
hrow,2
thu,8
thum,2
humb,2
thym,3
tia,9
tiar,3
ibia,2
bia,11
ida,8
idal,2
tig,5
tige,2
ige,5
iger,3
ilde,2
tim,11
time,4
imer,5
imid,4
tip,7
tit,15
tita,3
ita,22
itan,2
tith,2
itl,2
tle,5
toa,8
toas,2
tod,5
day,8
todd,2
oddy,6
oken,3
onal,3
tong,3
onga,6
toot,2
top,20
opa,12
paz,3
topi,2
torc,2
tors,4
orso,2
orus,4
tot,9
otal,4
tote,4
tow,17
towe,3
toxi,2
oxin,2
xin,7
trac,3
ract,3
trad,4
trai,4
rait,5
tram,2
tras,2
tre,29
trea,2
rend,3
tria,5
riad,2
iad,5
rial,4
tric,2
trie,3
rite,5
troo,2
trop,3
truc,2
ruc,8
ruck,4
true,3
ruer,2
trul,2
uly,4
trum,2
trus,2
russ,2
ruth,2
rys,2
yst,7
tub,9
tuba,4
ubal,2
tube,3
ube,17
uber,3
tul,9
uli,10
tull,2
uni,17
unic,4
tur,14
tut,7
uto,9
utor,2
tw,40
twa,9
twan,2
wan,32
wang,4
twe,10
twee,7
weed,4
twi,17
wic,4
twin,4
twir,4
wist,2
tyi,2
ulce,2
lce,5
umbr,2
ncl,3
ncle,3
uncu,2
ncut,2
unde,3
nder,2
undi,3
ndi,11
did,10
undu,4
ndu,13
ndue,3
due,6
unf,4
fed,10
unfi,2
nfi,4
unio,2
unit,4
nit,19
nite,3
unl,8
unli,2
nli,3
nlit,2
unm,5
unme,2
nm,9
nme,3
uns,19
unse,4
unti,3
ntil,2
unw,4
unwe,2
nw,5
nwe,2
wed,38
nz,15
zi,58
zip,3
uppe,2
ppe,6
ups,18
upse,3
rba,8
urin,3
usa,4
sag,9
sage,3
sher,4
usu,7
usur,3
tile,5
vag,3
vagu,2
agu,15
ague,4
vale,3
alet,3
vali,2
alid,3
alu,18
alue,2
vap,5
apo,20
apor,3
vau,5
veg,7
vega,2
enom,2
venu,2
enu,8
enue,2
nue,3
vers,6
ica,11
ideo,2
vig,4
vigi,2
igil,2
vill,4
illa,2
vio,5
viol,3
iol,9
vir,12
iru,4
vis,21
visi,2
isi,3
viso,3
vist,3
ista,2
vit,8
vita,3
ital,4
viv,8
ixen,2
xen,8
voca,2
vod,4
vog,2
voic,2
voil,2
vom,2
omit,2
vote,3
oter,4
vou,3
vow,5
vowe,3
wac,5
wack,5
waf,4
wag,8
wage,4
aist,3
wal,20
walt,2
ltz,2
wart,3
wast,2
wav,5
wave,5
wax,6
waxe,4
axe,21
wedg,2
wei,9
weir,3
eird,2
els,27
elsh,2
lsh,4
wh,70
wha,12
whar,2
whe,16
whea,3
whee,4
heel,4
whel,3
help,3
elp,10
whi,26
hich,2
whif,2
whil,2
hile,2
whin,3
whir,3
hirl,3
whis,4
his,14
whit,3
hite,2
who,13
hole,7
whoo,3
hoop,2
whos,2
wid,6
wide,3
iden,2
ido,16
dt,4
wie,16
wiel,2
wig,7
wim,4
wimp,2
impy,3
winc,2
wind,2
indy,4
wise,3
wisp,2
wit,16
wom,6
woma,2
oman,4
omen,4
wood,2
wooe,2
ooer,2
oer,10
wool,3
ooly,7
ordy,2
orl,9
wors,2
orst,2
wort,2
wou,3
woun,2
wra,9
wrat,2
rath,4
wre,7
reck,4
wres,2
wri,9
rist,5
writ,2
wro,5
wrot,2
rote,3
rung,3
yac,5
cht,13
yea,8
year,3
yie,2
zeb,4
zes,33
zest,2
zona,2
aa,50
aah,2
ahed,2
aal,9
lii,2
aap,5
apas,8
aar,8
rgh,3
arti,4
rti,5
bacs,2
acs,4
cs,37
baf,5
baft,3
bah,6
baht,2
aht,2
aka,19
abam,2
bam,6
aban,2
band,5
bash,3
bask,2
baya,2
abba,4
bba,9
bbed,2
bc,2
abea,3
beam,3
beat,4
beer,3
bele,2
beng,2
eng,15
aber,4
ets,28
beys,2
eys,18
bie,7
ies,34
ius,3
abj,3
bj,4
jad,3
bler,2
blet,2
mh,2
mho,2
abn,2
abne,2
bn,2
bne,2
boh,3
oh,52
ohm,2
hm,8
boi,5
boil,2
bom,7
boma,2
boon,3
bord,3
bore,8
abr,10
abra,5
bram,2
bray,2
abri,3
brim,2
abs,18
bs,96
abun,3
buna,2
abur,2
bura,3
uts,29
buz,2
buzz,2
bye,4
yes,10
acai,2
acar,2
acc,10
acca,4
cch,3
acco,2
cco,6
aced,6
cers,2
acha,5
ched,4
cher,4
hey,4
choo,5
acid,2
acie,2
cie,5
acin,2
acke,3
cke,7
kee,22
cker,3
acm,2
cm,2
mes,56
acn,3
acne,3
cn,4
cne,3
ned,41
nes,64
cock,3
coe,2
oel,4
acra,2
acre,4
acta,3
ctas,2
acte,2
ctu,3
ctus,2
acy,3
cyl,3
yls,8
adaw,2
daw,10
dawn,2
aws,23
ws,80
days,2
ays,31
db,2
adda,3
dda,7
das,17
dax,2
adde,2
ded,25
addi,4
ddi,4
dead,2
adee,3
dee,17
deem,2
eem,15
adh,4
dh,22
dha,5
dho,8
adie,2
die,12
ieu,5
dits,3
its,46
dli,2
adma,2
dma,2
mix,14
dn,3
adoo,2
doo,18
doon,2
dorb,3
adr,9
adra,2
drad,2
adre,5
dred,2
adri,2
drip,3
ads,37
duk,6
uki,4
adv,2
dv,2
vew,2
adyt,2
dyt,2
yt,32
yta,2
yts,2
adz,3
adze,2
dz,6
dze,2
zed,17
aec,2
eci,6
ecia,2
cia,5
aed,9
ede,25
edes,8
des,47
aeg,2
eger,3
gis,10
aeo,2
aeon,2
eon,12
eons,4
aer,8
eros,8
aes,8
aev,4
vum,2
afa,5
afar,2
fara,2
fars,2
fear,5
fio,2
afiz,2
afl,3
afla,2
laj,2
flap,2
fore,4
afr,3
fret,2
tos,24
agal,2
gals,2
agam,3
gama,3
gami,3
agar,4
agas,7
gasp,3
gast,2
gene,3
gers,2
agga,4
gga,9
gag,5
gge,9
gger,2
ggi,2
gie,12
aggr,3
ggr,3
agh,2
gha,7
ghas,2
gila,2
gio,2
agis,4
gism,3
gist,2
glee,5
gley,2
glu,13
glus,2
gmas,2
agog,2
gog,4
gogo,2
ogo,13
agor,2
gora,4
agri,3
grum,3
uey,8
guna,2
agus,5
gush,2
gut,4
hent,3
ahi,9
ahin,3
hind,2
hint,2
aho,8
ahol,2
hold,2
ahu,8
hul,13
hull,4
huru,2
uru,11
aida,2
idas,2
ided,7
ides,10
aido,2
idos,5
dos,28
aie,3
aig,9
aiga,3
igas,3
aigh,2
aile,4
iled,9
aima,2
aime,2
imed,5
aine,5
aing,2
inga,5
aio,3
aire,7
ired,8
irer,5
irns,5
rns,31
airt,2
irts,3
itu,5
itus,2
ixes,6
xes,43
aiy,4
iy,12
iya,5
yah,5
aiyo,2
iyo,2
yoh,3
yoo,3
zl,6
zle,3
aji,5
jiv,5
aju,4
jug,3
juga,2
jup,3
upa,10
akar,2
kara,4
akee,3
kees,2
kel,15
kene,2
akin,3
kita,2
akk,7
akka,3
kk,20
kka,10
kkas,2
kas,20
kke,2
ako,6
koi,6
oia,2
koj,2
oj,20
oja,8
aks,17
akse,2
ks,293
kse,2
ses,53
laa,4
alal,3
lal,7
alam,3
alan,5
lans,7
alap,3
lapa,2
lary,4
alat,3
lata,2
alay,2
lays,6
lba,2
alc,6
alce,2
ces,28
lci,3
lco,3
cos,24
alde,2
aldo,2
ldo,5
alea,4
alec,2
ecs,3
alef,2
lefs,2
efs,12
fs,119
alep,2
eph,5
lew,6
lews,5
ews,20
eye,10
alf,4
alfa,2
lfa,3
fas,7
algi,2
lgi,2
algo,2
lgo,3
gos,21
alia,2
lias,2
ias,16
alic,3
alif,3
ifs,10
lims,5
ims,23
ms,149
lios,2
alis,9
list,3
alki,3
lki,3
lko,2
kos,14
alky,5
kyd,2
kyl,6
llan,2
ller,3
alli,4
lli,10
allu,2
llu,2
alma,4
lma,6
mah,11
alme,2
lme,4
almu,2
lmu,2
mug,8
lods,3
ods,19
aloe,2
loe,7
oed,9
loes,4
loh,2
loha,2
oha,10
aloi,2
loi,12
loin,3
alos,3
alto,2
lto,3
lul,3
ula,22
alum,2
lums,4
ums,21
lumy,2
umy,6
alur,2
lure,5
lurk,2
alva,3
lva,10
alw,3
alwa,3
lw,5
lwa,4
way,10
ahs,9
hs,74
main,2
amar,3
mari,5
maro,3
maut,2
amba,5
ambi,3
mbi,12
mbos,3
meb,3
amee,3
mee,14
meer,3
mene,3
mens,5
ment,4
amia,3
mia,13
mias,2
amic,3
amid,3
mide,2
mido,2
amie,3
mie,10
amig,2
migo,2
amin,6
mins,2
mirs,3
mla,2
mmas,3
ammo,2
mmo,4
amn,5
amni,3
mn,10
mni,3
oks,17
mole,5
amor,2
more,5
mort,2
mowt,2
owt,14
wt,23
mped,3
mpu,2
mr,6
myl,2
nana,3
anat,4
anco,2
nco,8
andi,3
ndr,2
near,2
nent,2
anil,2
nil,5
ils,37
anio,2
anis,3
nis,23
nise,2
anke,2
nke,9
nker,2
khs,4
nku,3
nkus,2
kus,10
anna,10
nna,20
num,8
anoa,2
noa,4
nole,2
ansa,4
nsa,8
sae,3
anta,5
tae,5
ante,6
ntis,2
tis,21
antr,2
ntra,2
ntre,2
ants,15
nts,54
anu,5
any,7
nyo,2
nyon,2
page,4
apai,2
apay,2
payd,2
ayd,4
pays,3
apee,2
peek,3
pers,4
pert,2
pery,2
pg,2
pga,2
phis,2
pio,6
apis,4
pis,16
apod,2
pod,14
pode,4
pods,2
ols,21
apoo,2
poop,4
pam,4
appe,3
pts,3
appu,3
ppu,3
puy,2
psi,6
apso,2
pso,7
sos,7
apte,2
pte,5
pted,2
pter,3
aq,9
aqu,3
aqua,2
raba,2
arak,2
raks,3
aram,3
arba,3
arco,3
rco,3
arde,3
area,5
eae,3
reas,3
arec,2
ared,14
redd,3
rede,4
reic,2
eic,5
rere,4
aret,4
rete,2
rets,3
arga,6
rgi,6
rgon,2
rgot,2
rha,2
aria,3
rias,2
riel,3
rik,9
riki,2
iki,9
aril,2
rils,2
riot,4
rish,2
rith,6
rke,4
rked,2
ked,47
arle,6
rle,11
rles,2
arme,3
rme,8
rmer,2
rmi,2
arna,2
rna,5
arni,2
rni,5
rnis,2
rnu,2
arob,2
oba,10
roh,5
roha,2
roid,3
arpe,2
rpe,4
rah,15
arre,7
rre,16
arri,4
rri,10
rris,2
rses,2
arsi,2
rsi,5
arta,4
arte,5
aru,8
ruh,2
uh,10
arum,3
rums,2
rval,2
vee,8
arvo,3
rvo,5
vos,6
asan,2
sana,2
scus,2
sd,5
shed,2
shes,2
shet,2
aska,2
skar,4
sked,3
sker,4
asko,2
sko,12
skos,2
aspe,3
aspi,3
spro,3
sam,18
sses,2
sez,2
sot,5
asti,3
stir,5
tir,12
asu,7
asur,2
sura,5
asw,2
sway,3
swim,2
asy,2
syl,6
atap,2
taps,2
tax,11
axy,3
atil,2
timy,2
atl,4
atm,3
atma,2
tm,3
tma,2
ocs,6
atok,2
atom,2
oms,12
atr,4
atri,2
atta,5
tta,23
ttar,2
tua,4
auch,7
ucht,2
auda,3
uda,9
uger,3
uges,2
ges,25
aula,2
ulas,5
auli,2
aulo,2
ulo,2
aum,9
aune,2
unes,5
unts,11
aur,26
aura,5
urae,2
rae,11
urar,3
uras,6
aure,2
urei,3
ures,8
auri,5
uris,4
auru,2
urum,2
utos,2
aux,3
auxi,2
uxi,3
avan,3
van,12
vant,2
avas,8
vas,23
vast,3
vels,2
vens,3
avin,6
avis,4
vise,3
viz,3
ows,37
wari,2
warn,2
ways,3
awe,22
weel,4
wet,8
awi,4
awin,3
awm,3
wm,5
awne,2
wned,3
wol,8
work,3
axil,2
xing,2
xit,5
xite,2
axl,3
axle,2
xl,5
xle,2
axm,2
xm,5
xma,2
xman,2
xme,2
xmen,2
axo,7
axon,4
xon,5
xons,2
ayah,2
yay,2
yaya,2
yel,7
yelp,2
ayi,4
ayin,3
yins,2
yma,8
ayr,4
ayre,2
yre,16
yres,7
yrie,3
azan,2
zan,6
azi,10
azid,2
zid,2
zin,13
zine,4
azl,2
zlo,3
zoi,3
zol,2
azon,2
azot,2
zot,2
ury,5
zyg,3
azym,2
zym,5
zyme,2
baa,3
aae,3
aaed,3
aals,4
aaps,2
babe,2
abes,5
abk,2
bk,2
babu,2
bacc,3
accy,2
ccy,6
bach,2
achs,3
chs,10
acks,15
cks,64
bae,2
ael,2
aels,2
baff,2
affs,10
ffs,41
afta,2
fta,5
afts,5
fts,19
ghs,10
bags,2
ags,23
agua,2
bahu,2
ahus,2
bai,10
aik,20
aiks,9
iks,16
bail,2
ails,13
aisa,2
isa,8
bait,2
aits,5
baiz,2
iza,7
baj,4
jan,7
bajr,2
ajr,3
ajra,2
jr,5
jra,4
jus,6
aked,8
akes,11
kes,55
kra,15
alas,8
bald,2
alds,2
lds,19
aldy,2
aled,8
ales,15
balk,2
alks,4
lks,21
ball,4
alls,10
lls,65
alms,5
lms,10
balo,4
lti,3
balu,3
alus,4
alut,3
bamm,2
banc,2
ncs,3
anda,4
nda,12
ndh,2
ands,9
nds,45
bane,2
aned,10
anes,12
bang,2
bank,3
anks,12
nks,50
anns,4
nns,11
bant,4
ntu,3
anty,9
nya,5
bao,2
aon,2
aons,2
ozi,6
bap,2
apus,4
barb,3
arbe,2
rbe,6
arbs,5
rbs,14
arby,3
bard,4
ards,13
rds,34
bare,3
ares,14
barf,3
rfi,2
arfs,3
rfs,13
rfy,3
bari,2
aric,3
bark,2
arks,14
rks,44
arky,6
barm,2
arms,7
rms,23
rmy,6
barn,2
arns,10
arny,2
arps,7
rps,18
barr,4
asas,4
ased,7
aser,8
ases,12
asha,4
asho,2
sij,2
ij,8
asks,5
sks,23
bass,4
assi,2
ssi,4
asto,2
asts,11
sts,52
ated,10
ates,13
aths,8
ths,23
tik,7
atos,5
atts,4
tts,20
attu,2
ttu,4
bau,4
auds,7
uds,20
auk,5
auks,4
uks,16
aurs,4
awds,3
wds,6
awks,9
wks,12
awls,4
wls,15
awns,10
wns,16
awr,2
awrs,2
wrs,3
awt,5
wty,2
ayas,5
yas,16
baye,3
ayed,9
yed,23
ayle,4
baz,3
baza,2
azar,5
zar,13
azas,2
zas,3
azoo,5
zoo,13
bd,3
bda,2
eads,8
beak,2
eaks,6
eals,14
eams,5
ams,32
eamy,3
bean,3
eans,11
eany,3
eare,10
ears,14
eats,11
beau,3
eau,3
beb,2
ebop,2
bop,3
bec,6
beck,2
ecke,2
ecks,10
bede,3
edel,2
dew,7
edye,2
dye,3
eefs,4
eeps,12
eps,20
eers,10
eets,7
efo,2
efog,2
egad,2
gad,11
egar,3
gem,5
bego,2
ego,9
gob,9
egot,2
egum,2
beig,2
eins,7
bek,2
eka,5
kah,4
bela,3
elah,2
lah,8
elar,2
elli,2
ells,14
elts,10
lts,33
bem,4
bema,2
emas,3
emix,2
bend,2
ends,11
endy,2
bene,3
enes,9
enga,2
enis,5
nji,4
benn,3
enni,2
nni,6
bent,3
ento,4
ents,14
enty,3
epat,2
eray,2
eres,11
rgs,4
berk,2
erks,8
berm,2
erms,7
besa,2
esa,11
esat,2
esaw,2
saw,6
esee,2
eses,5
esit,2
beso,2
eso,9
best,2
esti,2
ests,15
etas,8
eted,3
etes,9
eths,5
eton,3
bett,2
etta,4
evv,2
evvy,2
bew,3
ewet,2
ewi,8
ezes,7
ezi,3
zil,6
ezz,8
ezzy,3
bha,7
hais,2
haj,4
haji,2
hang,7
hats,5
hava,3
bhu,2
huts,4
bial,2
ibb,9
ibbs,4
bbs,5
ibes,6
icc,4
iccy,2
ices,7
idis,3
iers,7
bif,4
biff,3
ffo,6
iffs,9
ifi,5
fid,5
bigg,2
iggs,3
ggs,13
bigh,2
igly,2
igos,2
ih,8
ijo,2
bik,6
bike,4
iked,9
iker,6
ikes,11
ikk,3
kky,4
bila,3
bilb,2
ilb,3
lby,2
bile,2
iles,8
lgy,2
ilks,4
ills,19
bim,3
bima,2
imas,4
bind,2
indi,4
inds,11
bine,2
ines,15
ings,14
bink,2
inks,14
ints,9
ogs,20
bion,2
ions,4
iota,3
bip,3
iped,6
ipo,4
bird,2
irds,4
iri,9
iris,2
irks,8
birl,2
irls,9
rls,30
iros,4
irr,21
irrs,6
rrs,20
birs,2
rsy,5
birz,2
irz,3
rz,13
rze,3
ises,8
isks,5
bite,3
iter,7
ites,12
itey,2
bito,2
ito,5
bits,2
itsy,2
itte,2
itts,5
biv,2
ivv,4
ivvy,4
biz,3
izes,6
bizz,2
izzo,2
zzo,5
labs,3
lads,3
lady,2
blae,2
lae,10
laer,2
laes,3
laf,3
laff,2
lags,4
lams,5
lart,3
lase,4
blat,3
lats,5
laud,4
blaw,2
lawn,4
laws,5
eah,3
leb,9
lebs,3
ebs,7
lech,2
lees,4
lent,5
lest,2
lets,2
leys,4
lini,2
lips,5
lits,5
lobs,4
obs,13
locs,2
logs,5
nx,4
look,4
lore,5
lots,5
ots,31
lows,7
lowy,3
lub,9
lubs,4
ubs,14
blud,3
luds,2
lues,6
uet,10
luey,4
lurs,2
lype,4
oab,2
oabs,2
oaks,2
oars,6
boat,2
oats,5
oaty,2
boba,3
obas,2
bobo,2
obol,4
bol,17
obos,7
boc,6
bocc,3
occa,2
cce,2
occi,2
cci,3
oche,6
ocks,14
oded,4
odes,6
bodg,2
odh,2
dhi,2
odle,2
odo,13
doh,2
boe,7
oep,4
oeps,2
oers,6
boet,2
oet,7
oets,2
bof,2
boff,2
offs,6
bog,8
oga,14
ogan,5
ogey,4
ogie,6
ogl,6
ogle,5
bogu,2
ohe,10
oho,8
ohos,4
oils,8
boin,2
oink,2
bok,4
boke,3
oked,8
okeh,2
keh,3
okes,13
oko,11
okos,4
bola,2
olas,7
bold,2
oldo,2
olds,8
bole,3
oles,13
olet,2
boli,2
olks,6
olls,10
olos,10
olt,16
olts,9
olu,5
olus,3
omas,9
bomb,3
ombe,4
ombo,4
ombs,4
mbs,15
bomo,2
omo,18
moh,7
once,7
onds,4
oned,5
ones,11
ongs,11
onie,2
onk,26
onks,11
bonn,2
onn,18
onne,7
onny,5
bonz,2
onz,4
nza,3
nze,4
booa,2
ooa,4
oai,4
ooay,2
oay,2
oobs,4
ooed,6
oog,5
ogy,4
ooh,6
oohs,2
ohs,2
book,3
ooks,14
ooky,10
ools,10
boom,2
ooms,8
oong,2
oons,12
boor,2
oord,3
oors,5
oots,10
oras,8
ords,6
ored,5
oree,4
rek,8
orel,5
ores,13
ori,29
oric,5
orks,9
orms,7
orna,2
orts,10
rtz,4
osie,3
bosk,2
osks,2
oson,2
ossa,3
otas,5
bote,4
teh,3
otes,10
tew,6
othy,4
otos,4
bott,3
otts,4
otty,8
ouk,15
ouks,10
ouns,4
bour,3
bous,2
outs,9
utu,7
owa,17
owed,13
owes,4
wes,7
owet,2
owie,9
owls,10
owse,7
wse,9
oxed,7
xed,24
oxen,2
oxes,11
oxl,2
oxt,2
boy,11
boya,2
yar,15
oyau,3
yau,6
boye,2
oyed,6
yey,3
yf,5
yfs,2
boyl,2
oyo,6
oyos,3
yos,5
oys,9
ozos,2
zos,5
raa,8
aai,2
rach,3
rads,5
rag,23
rags,6
rans,7
rast,3
rats,6
ravi,2
raws,3
rays,9
braz,2
raza,2
bred,2
reds,2
eds,21
reem,3
rees,8
brei,2
reid,2
eid,9
reis,2
bren,2
rens,3
rent,7
brer,2
rews,4
rey,9
reys,5
ries,7
rigs,5
igs,13
brik,3
rims,4
rios,3
riss,3
brit,3
rits,5
ritt,3
broc,2
roch,2
rods,3
brog,2
ogh,4
rogs,6
brom,2
rome,5
romo,2
bron,2
ronc,2
bros,2
rosy,2
osy,4
rows,8
brui,2
ruin,3
bruj,2
ruj,2
uj,13
uja,6
ujo,2
rume,4
rusk,3
ruv,4
ruvs,2
uvs,2
vs,15
bua,2
uats,2
bub,8
buba,2
ubas,4
bubb,3
ubb,16
ubba,3
ubby,10
ubu,3
ubus,2
buc,4
buck,3
ucko,3
ucks,13
udas,3
bude,2
uded,2
udes,6
udis,2
udo,10
udos,4
uen,5
uena,2
buf,8
buff,6
uffa,3
uffe,3
uffo,2
uffs,13
fos,7
uft,7
ufty,2
buga,2
ugan,2
buh,2
uhl,3
hl,8
hls,3
hrs,6
uist,3
buk,2
ukes,7
uko,4
ukos,2
ulks,5
ulla,4
ulls,12
umf,2
umfs,2
mfs,2
bump,3
umps,13
mps,38
unas,6
unco,4
bund,6
unds,6
undy,5
bung,2
ungs,8
ungy,5
unia,2
bunj,2
unj,6
jy,2
bunk,2
nko,6
unks,10
unns,2
bunt,2
uny,3
uoy,2
uoys,2
uran,3
urbs,2
urds,6
uret,2
urf,8
burg,2
urgh,2
burk,3
urks,5
urls,8
urns,5
urps,4
qa,8
burr,4
urra,5
urrs,8
ursa,2
rsa,4
sb,3
uses,8
busk,2
usks,9
bust,3
usti,2
usts,9
bute,2
utes,6
toh,2
utts,3
bw,2
bwa,2
waz,3
wazi,2
byd,2
byde,2
yde,7
byk,2
byke,2
yk,16
yke,15
yked,4
ykes,7
byr,2
yte,12
ytes,6
cabo,2
abob,3
abre,2
acas,4
cack,2
ades,10
cadg,2
adgy,3
cadi,2
adis,8
cae,2
caf,5
afes,2
fes,12
caff,3
aged,5
ged,12
ages,9
agot,3
aids,10
ains,12
aird,4
caj,2
jon,5
cak,3
cake,3
akey,3
key,18
alfs,2
lfs,10
cali,3
alix,2
call,4
calm,2
alpa,4
lpa,9
alps,3
lps,12
yx,6
cama,2
aman,4
ames,13
ampi,2
mpi,5
amps,8
ampy,4
ando,2
cane,4
aneh,3
neh,4
anid,2
cans,3
anso,2
nso,3
anto,6
capa,3
apax,2
pax,3
aped,7
apes,9
aphs,2
phs,9
capi,2
capo,3
apon,2
pon,23
apos,2
apri,2
carb,3
card,4
ardi,2
rdi,3
rex,9
carl,2
arls,7
carn,3
carp,4
rpi,2
arrs,3
cars,2
cart,4
arvy,2
case,3
cask,2
asus,3
caud,2
auld,5
auls,6
aums,3
caup,2
aup,8
aups,4
caur,2
cave,4
aved,8
ved,24
aves,11
ves,39
avie,3
avu,2
avus,2
vus,3
awed,11
eaz,6
eaze,6
ebid,2
cec,2
ecum,3
cede,3
eded,2
eder,3
edis,3
cei,3
iba,5
ceil,2
eil,13
eils,8
lom,9
eor,4
eorl,2
rci,3
cere,2
ered,5
ceri,2
eria,3
eric,6
erne,7
cero,2
cert,2
erts,5
esse,6
cest,2
esta,5
chaa,2
haa,5
haat,2
aat,5
chac,3
hace,2
chad,2
hads,4
hals,4
hams,3
hana,4
chap,3
haps,3
hara,2
chav,4
avs,3
chaw,3
hawk,2
haws,4
chay,2
hay,11
haya,3
hays,2
heb,5
eeb,4
chel,2
chem,2
ems,19
hert,2
heth,3
hev,4
chew,2
hew,10
hews,4
hewy,2
ewy,5
chia,2
hia,6
iao,4
hias,2
chib,2
hib,4
hiba,2
ibs,8
ico,8
ics,9
hiel,2
chik,2
hik,7
hiko,2
iko,10
himb,2
hins,4
hips,3
irm,3
hirr,3
chit,2
iti,11
hits,3
chiv,4
hiv,10
hiva,2
hive,5
hivs,2
ivs,3
hiz,4
hizz,3
hod,5
hog,10
hogs,2
chol,3
hola,2
holi,2
holo,3
homp,2
hons,2
hoof,3
hoon,3
hop,9
hops,3
chot,2
hota,2
hott,4
chou,2
chow,2
howk,2
owk,6
hows,5
hub,5
hubs,2
chuf,2
huf,4
ufa,2
huff,3
hug,4
hugs,2
ugs,15
hurl,4
hyle,4
hyn,4
hynd,2
ynd,8
ibo,3
iels,4
cim,3
imar,3
mex,2
inct,2
nct,2
nq,2
qs,2
ppi,4
rcs,7
cire,2
ires,8
irri,4
cis,5
ists,10
cite,4
ited,6
cive,2
ives,10
ivie,3
clad,3
clap,2
clar,3
clav,2
lav,13
lave,5
clee,2
legs,2
egs,5
lei,10
lems,2
clep,2
clie,2
lies,4
lift,3
clip,3
lipe,3
lipt,2
ipt,5
clom,2
lomb,2
lonk,2
cloo,2
loot,4
lops,6
lote,4
cloy,2
loye,2
loys,2
loz,3
loze,3
nida,2
oady,4
coal,3
oals,4
coat,3
oate,4
cobb,2
obia,2
bz,2
ocas,2
cocc,2
occo,2
ocos,6
cod,9
odas,2
code,6
oden,2
oder,2
odex,2
cog,5
ogon,2
coh,5
ohen,2
coho,3
hoe,7
coi,6
oif,2
oins,5
oirs,3
oits,4
cok,3
coke,3
okey,7
cole,4
oled,10
oley,7
coli,2
olic,2
coll,3
olle,5
olog,3
lz,2
coma,3
mae,5
omal,3
comb,5
ombi,3
omby,2
mby,7
omes,9
omme,6
mms,2
ommy,4
comp,3
omps,4
mt,2
mte,2
omu,3
omus,2
cong,3
onge,2
onia,2
onin,2
conk,2
onky,3
conn,2
cont,2
onte,3
onto,2
cooe,4
oofs,9
ofs,11
cook,2
cool,2
coom,3
oops,12
coot,3
copa,3
opal,3
oped,8
open,2
opes,8
oph,8
opr,2
opra,2
opsy,4
oq,3
oqu,3
oram,3
corb,2
orbe,2
orby,2
cord,2
orda,2
rda,7
orey,2
orgi,3
oria,3
cork,2
orky,5
orni,2
orno,2
rno,2
orns,5
corp,2
orps,4
cors,2
cose,5
sec,5
osed,9
oses,11
oset,4
cost,3
osta,2
oste,3
osts,5
otan,2
cote,4
oted,8
oths,4
cott,2
otta,5
oups,7
oure,3
ours,9
uta,8
oved,7
oves,7
cowa,2
owan,5
owks,3
cowp,2
owp,6
owps,4
wp,9
wps,7
cox,5
coxa,2
oxa,5
oxal,2
coxe,2
coye,2
coz,5
coze,4
ozed,5
ozes,6
zey,2
ozie,3
zie,5
raal,3
crab,2
rabs,6
crag,2
crai,2
raic,2
aic,9
rams,7
raps,7
rapy,3
cray,2
reel,3
rein,6
rema,4
rems,3
reps,3
epy,4
rewe,4
crib,2
ribs,3
crin,3
crip,3
rips,4
crit,2
oci,4
rof,2
crog,2
crom,2
ronk,3
rons,4
roon,3
rops,3
rore,4
rues,3
ruo,2
uor,4
ruse,3
rusy,2
wth,6
ryn,2
yne,16
cube,4
ubed,3
ubes,6
ubit,4
cud,5
cudd,2
cue,2
uec,2
cuf,4
cuff,3
cui,5
uif,2
uits,4
cul,16
cule,2
ulet,2
lex,8
cull,3
ulm,6
culp,2
ulpa,3
cult,3
cun,5
cup,6
cupp,2
uppa,3
upr,4
urat,4
curd,2
urdy,4
cure,4
ured,7
curf,2
urfs,4
uria,2
urie,2
curn,2
ursi,2
cuse,2
cusp,2
usp,2
sps,11
usso,2
utin,3
utis,3
cutt,2
utto,2
cuz,2
uzes,2
cya,2
cyan,2
yan,11
yans,2
cyca,2
yca,2
yli,11
ylix,2
cym,5
cyma,3
ymar,2
ymes,3
ymo,2
ymol,2
ysts,2
cyt,2
yto,2
zars,3
dac,3
aces,7
dada,2
adah,2
dah,7
adas,5
ados,4
daf,2
daff,2
dagg,2
agos,3
ahis,2
aiko,3
dain,2
dale,3
alts,4
dama,2
amme,3
damn,2
mns,4
damp,2
anse,4
dant,2
arcy,2
dare,3
darg,2
args,2
dari,2
dark,2
arz,3
rzi,2
dash,2
ashi,3
ashy,5
date,3
atto,2
daub,3
aub,6
aube,2
auby,2
uby,2
auts,6
dav,2
awah,2
wah,5
dawe,2
wen,10
wg,2
awts,2
wts,8
daya,2
ayal,2
ayan,2
ych,2
dayn,2
ayn,5
ynt,4
daz,3
daze,3
azed,7
azes,9
eai,2
dear,4
deas,2
deaw,2
eaw,2
awy,3
ebb,7
ebby,3
debe,2
ebes,2
ebud,2
ebur,2
eby,2
ecad,2
deck,2
deed,2
eeds,9
eely,6
ely,7
eems,6
eens,8
deer,2
deev,2
eev,10
eeve,6
evs,3
efa,3
eff,7
effo,2
efis,2
deg,3
egas,3
degu,2
egus,3
eids,4
eif,7
eify,2
dein,2
eink,2
deis,2
eism,3
dek,3
deke,2
eke,10
eked,2
ekes,3
ekk,4
dele,2
eled,2
eles,7
delf,2
elfs,3
elis,2
dell,3
elos,5
dema,2
eman,3
emes,7
demi,2
emic,6
mob,9
emos,2
emot,3
dena,2
enar,2
enay,2
nay,3
dene,2
dent,3
dera,2
dere,2
erig,2
derm,2
erma,3
dern,2
erns,6
erny,2
erp,5
derr,2
ervs,2
rvs,3
sex,8
esks,2
etag,3
evas,2
evis,3
devo,3
von,2
dewa,3
ewa,7
ewan,3
ewar,2
ewax,2
ewed,9
exes,11
exie,3
exy,3
xys,3
ikr,3
dhol,3
hoti,2
dhu,2
huti,2
ials,4
dian,2
iana,2
iane,2
iced,5
icht,6
dick,2
icks,12
icot,2
icta,3
cts,7
ictu,2
cty,3
didi,2
iets,2
dik,5
ika,15
ikas,4
dike,4
ikey,2
illi,2
dime,2
imes,5
imps,8
inar,3
ined,9
inic,2
dink,2
inna,3
inos,8
iols,2
dip,3
iram,2
dirk,2
irke,2
isas,2
iscs,2
scs,2
dism,2
dita,2
itas,6
dite,2
itzy,2
tzy,2
diva,2
ivas,5
ived,7
ivey,3
vn,2
divo,2
ivos,3
iw,6
iwa,3
dix,3
dixi,2
ixit,2
iyas,2
izen,4
dj,6
dji,3
djin,2
jin,8
jinn,4
doa,2
obie,3
dobl,2
obla,2
dobr,2
doc,5
odos,3
doe,4
oek,2
eks,11
oest,2
oeth,2
doga,2
ogal,3
doge,2
oges,3
dogg,2
ggo,4
ohy,2
hyo,2
doil,2
oily,4
ojo,3
ojos,2
jos,5
dolc,2
olc,2
dole,4
doli,2
olia,2
olie,4
olm,3
dolo,2
dom,6
dome,2
omed,3
dona,2
nah,3
onas,3
done,2
dong,2
donn,3
onna,3
dons,2
onsy,2
dook,2
dool,3
oole,2
doom,3
door,2
orba,2
orbs,4
dori,2
oris,7
dork,2
dorm,2
ormy,3
orrs,2
dors,3
dort,2
dosa,2
osa,8
osas,2
dose,4
seh,2
osha,3
dot,5
dote,3
oua,3
douc,2
ouce,3
ucs,2
doum,2
oum,7
ouma,3
oums,3
dour,2
oura,3
dov,5
dove,4
dowa,2
owar,5
owds,3
owf,6
owfs,4
wfs,4
dowl,3
owle,5
wle,5
owns,6
owts,5
dox,4
doxe,2
oxie,4
doy,2
drac,2
raco,2
raff,4
dree,3
reks,2
ript,2
role,4
drop,2
rouk,3
rubs,2
rugs,3
drus,2
drya,2
rya,4
yad,3
dso,4
dua,4
uads,2
uan,10
uans,4
uars,2
dub,3
dubb,2
duca,2
uca,4
duce,2
uces,3
duck,2
duct,3
uct,5
dud,4
dude,2
uels,2
duet,2
uets,2
duf,2
ufu,2
ufus,2
dui,2
uka,4
ukas,3
duke,2
uked,6
ukk,3
ukka,2
uku,5
ules,8
ulia,2
umas,5
dumb,2
umbs,2
dumk,2
umk,2
mk,3
mka,2
nam,9
dung,2
dunn,2
nsh,2
duo,2
duom,2
uom,2
dup,6
dupe,3
uped,3
upes,3
dupl,2
upl,6
uple,3
dur,15
dura,2
dure,2
urgy,3
rgy,5
duro,3
uros,4
durr,3
urz,3
dux,2
uxe,7
uxes,4
waa,4
dwal,2
wale,5
dwam,2
wamy,2
wau,8
dwi,2
wile,4
yers,4
dyk,4
dyke,3
kon,6
dyn,3
dyne,2
ynes,5
ynos,2
dzh,2
zh,7
zho,2
eale,3
eane,2
arnt,2
arst,3
ebbe,4
eben,4
cads,2
eche,4
edu,7
educ,2
eej,2
eji,3
jit,3
ensy,2
effe,2
ffed,2
gads,2
eges,4
gest,3
egge,3
gged,3
egm,3
egma,3
igne,2
gne,3
eiko,2
ikon,2
ilds,5
eise,4
ekka,2
elan,2
ldi,4
elia,3
liad,2
elm,6
elog,3
loge,2
logy,2
eloi,2
lpe,3
lsi,2
elva,2
emba,2
mbar,4
embo,4
mbus,2
emee,2
emer,2
meu,3
meus,2
mits,3
emma,3
mmew,2
mew,7
emmy,4
mys,4
moj,2
oji,6
mule,4
mure,4
emyd,2
myd,2
yds,2
narm,3
nate,2
ende,3
ndew,2
endu,5
news,2
nfix,3
enia,3
nmew,2
enno,2
nog,5
nok,3
oki,7
norm,3
nows,4
enro,2
nro,3
nsew,2
enti,4
enur,2
nure,2
nurn,2
enz,2
eol,3
eos,5
osin,2
pact,3
epen,3
pene,3
epha,2
hah,5
epho,2
epic,2
pics,2
epp,4
epr,3
quid,3
rbia,2
ergo,3
rhu,2
erin,2
rned,2
erre,4
rugo,2
ugo,5
esc,4
esca,2
sile,6
esn,2
esne,2
sr,2
stop,4
stro,4
tats,2
thal,3
hn,4
ethy,2
thyl,2
etic,2
tn,2
tna,2
trog,2
etti,2
tui,4
tuis,2
etw,2
tym,4
eug,5
eugh,4
ughs,3
euk,4
eup,2
eur,3
uso,3
evet,2
vite,2
wers,3
west,2
whow,2
xea,2
xies,2
exin,3
xine,2
exit,2
exo,5
eya,2
eyer,4
yot,5
yots,3
eyr,4
yra,9
eyri,2
rir,3
fabb,2
acey,3
faci,2
fact,4
acts,3
fad,6
fade,3
aded,6
ader,3
fae,2
faf,2
faff,2
fag,3
airs,9
fak,6
fake,4
faki,2
akie,3
fam,2
fame,2
amed,7
fang,3
fano,2
anos,3
qi,5
fare,3
farl,2
fast,2
fate,2
atly,2
tso,3
auns,3
faut,2
fave,3
faw,2
fawn,2
fax,2
faxe,2
axed,6
axes,10
fay,5
faye,2
ayne,3
faz,2
faze,2
echt,3
ecit,2
fee,9
eebs,2
feel,2
eels,9
eez,8
eeze,6
ehm,2
ehme,2
hme,3
eint,2
feli,2
felt,2
elty,3
emal,2
fend,2
enk,3
enks,3
feo,2
eod,2
fere,3
erer,3
erl,8
ferm,2
fern,2
erox,2
fest,3
fete,2
fett,2
etts,4
feu,3
eud,3
euds,2
fey,5
feye,2
eyed,3
eyl,2
fez,2
iars,3
iat,3
fibr,2
ibr,6
ibre,2
fich,2
icos,2
idu,2
idus,2
iefs,5
ient,2
fife,3
ifed,2
ifer,3
ifes,4
ifis,2
fik,3
fike,2
ilar,3
ilc,6
ilch,5
ille,5
illo,2
lmi,3
filo,2
ilon,2
ilos,5
ilu,6
ilum,3
inca,3
nca,4
inis,2
fiq,3
firm,2
firn,2
fist,2
isty,2
fitt,2
fiv,2
five,2
ixed,3
fixi,2
flag,2
laks,2
lamm,2
lava,3
flaw,3
flea,2
leme,4
leu,8
flex,2
lexi,3
flim,2
lisk,3
flit,3
flot,2
lota,3
flue,3
uky,3
luo,3
lurr,2
luty,2
uyt,2
yby,2
lyt,6
lyte,3
narr,4
oams,3
fogo,2
ogos,6
ohn,2
ohns,2
hns,2
oids,5
folk,2
olky,2
fon,7
fond,3
onda,4
onl,4
only,2
onts,5
food,2
oods,7
forb,2
ford,2
ordo,4
orex,2
fork,2
form,3
orma,4
orme,3
forz,2
orz,3
rza,3
foss,2
foue,2
oue,9
ouet,2
ouls,5
ovea,2
vea,8
fow,2
owth,4
fox,3
foxe,2
oyle,5
oyn,4
oyne,2
frac,2
frap,2
frat,3
raus,2
md,5
reo,7
reon,2
friz,2
roe,4
fror,3
rosh,3
frus,2
fry,2
fub,3
ubar,2
ubsy,2
bsy,2
fuc,2
fue,2
fuf,2
fuff,2
ugal,4
fugi,3
ugi,6
fugl,2
uji,2
jis,6
fum,4
fume,4
umes,2
fund,5
unda,2
undo,3
ungo,5
funi,2
unis,3
fura,2
urth,2
furz,2
rzy,3
fuse,4
usee,2
usel,2
fust,2
uton,3
fuze,3
zee,4
uzi,2
yce,6
yces,2
fyk,2
fyke,2
yles,4
ytt,2
gab,3
gabb,2
gadg,2
gadi,2
adid,2
gadj,2
adj,3
gage,3
gait,3
aita,2
ajos,2
gala,3
alax,2
gale,3
gali,3
gall,2
alop,3
gamb,4
ambs,4
amey,3
mey,6
gane,2
nef,3
anja,2
nof,2
aol,5
gapo,2
garb,4
gard,2
arda,3
garr,2
asps,5
gauc,2
uje,2
gaum,2
aumy,2
auzy,2
uzy,3
wc,3
awp,3
awps,3
awsy,2
wsy,5
gaza,2
gazo,2
gea,6
gear,2
eeks,7
eest,3
gei,2
elds,4
emel,2
gemm,2
gena,3
enae,2
nae,10
enas,3
enic,2
enin,3
geno,2
genu,2
nua,2
enus,3
geo,2
eoi,2
erle,3
germ,2
ermy,2
gess,2
eum,8
eums,3
hazi,2
ghe,3
hees,2
usl,5
ghy,2
gib,6
gibe,4
ibed,3
ifts,6
gig,4
igu,2
ilas,4
gill,2
ilp,3
ilts,9
gim,4
imm,6
imme,2
gimp,2
inz,2
nzo,3
gipp,2
giro,2
isms,2
sms,3
glai,2
laik,3
glam,2
glau,2
laur,3
gleb,3
lebe,3
gled,3
lede,2
leds,2
leis,3
glen,2
lens,2
glia,2
lial,2
glif,2
glim,2
glit,2
lode,3
logg,2
glue,4
glug,2
lug,8
lugs,3
glum,2
uon,5
glut,2
luts,2
nap,14
gnar,3
nars,3
gnaw,2
naw,6
naws,2
goa,8
oads,5
goaf,2
oaf,4
oafs,2
afs,5
oary,3
goat,2
oav,4
oave,4
goba,2
oban,3
obar,2
gobb,4
obbo,4
goe,5
oels,3
goet,2
gof,2
oie,3
ojis,3
gold,2
olf,3
olfs,3
golp,2
olp,5
olpe,2
olps,2
gom,4
ompa,2
mpa,5
goni,3
nys,2
gook,2
gool,3
oold,2
goon,2
oony,3
goop,2
goor,2
oory,2
gop,2
opak,3
pak,10
gore,2
gorm,2
gors,2
orsy,2
sht,6
goth,2
gout,2
gov,2
gove,2
gow,6
goy,2
aip,3
gram,5
rana,3
rata,4
greb,2
rebo,2
rece,2
greg,2
rege,4
rego,3
gres,2
grid,2
rids,2
grif,2
riff,4
rike,2
ripy,2
ipy,3
gris,3
grit,2
roat,3
grom,2
roms,2
rots,2
rouf,2
ouf,8
ovy,2
grr,2
rrl,3
rued,3
rund,2
ryk,4
ryke,4
gryp,2
rype,2
guan,3
uana,2
guc,2
guck,2
gug,2
ugas,3
uids,4
uim,2
gula,4
gule,2
gulf,2
ulf,5
lfy,2
gulp,3
ulph,2
ulps,3
umma,4
mmi,4
gund,2
gung,2
gunk,2
uq,3
gurl,2
ursh,2
urus,3
gusl,3
usle,2
utsy,2
gutt,2
utta,3
guy,5
yse,6
gw,2
gya,2
yals,3
gyb,2
gybe,2
ymps,2
gyn,4
yna,3
ynn,2
oza,3
ypes,5
ypo,3
ypos,3
gypp,2
ypp,3
gyr,6
yral,2
gyre,2
yred,2
gyro,2
yro,4
yros,3
yrus,2
gyv,3
gyve,3
yv,4
yve,4
yver,2
aars,3
aats,2
adal,2
hae,3
aet,2
hag,4
aggs,4
haha,2
aha,10
ahas,2
aick,2
haik,3
aika,3
iku,2
hail,2
aje,3
ajes,3
jes,7
haka,3
kam,7
akas,6
kea,5
aku,6
akus,2
hala,2
half,2
hali,2
halm,3
halo,2
hama,2
amal,3
mz,2
hanc,2
angi,4
hans,5
hapa,2
appi,2
harn,2
hash,2
hath,2
atha,4
athi,2
auf,3
aufs,2
ufs,6
haug,2
haul,5
hawm,2
wms,2
awse,2
haye,3
heal,4
eald,2
eame,3
eaps,4
heas,3
hebe,3
edgy,5
heed,3
efte,3
efts,3
iau,2
heid,2
eirs,5
hej,2
eja,3
jab,3
hele,2
helm,2
elms,2
helo,3
elps,3
hema,2
hemi,2
hemp,2
emps,3
empy,2
hend,2
heng,2
enge,5
henn,2
enna,3
herb,2
erbs,3
herd,2
erds,4
erls,3
herm,3
erps,3
ertz,2
hesp,2
esp,3
hete,2
heu,3
euch,4
heve,2
hewe,2
hex,5
hexe,3
exed,5
xyl,6
ibas,2
iem,2
iems,2
ighs,3
hij,2
ija,2
hike,3
ikoi,2
hils,2
hilu,2
ilus,2
nau,5
hio,4
hipe,3
ipes,8
iree,2
hiss,2
hist,3
oae,4
agy,4
hoer,2
oggs,2
oghs,2
hogo,2
ohed,3
oick,3
oka,12
okas,2
okis,2
kis,14
okk,3
oku,5
okum,3
kum,6
olla,4
ollo,5
holm,2
omie,2
homo,2
omos,6
onan,2
hond,2
ongi,2
honk,3
hood,2
hooh,2
ooka,2
hool,2
hoor,2
hoos,2
oosh,2
oov,5
oove,4
hope,4
hora,3
orah,3
osel,2
osen,2
oten,2
otis,3
houf,2
ouff,2
oufs,4
hour,2
ouri,2
oway,2
wb,2
howf,2
owff,2
wff,2
howl,2
owre,3
hox,2
hoxe,2
hoy,4
oyas,4
hubb,2
hud,4
udu,4
uers,4
uhu,3
hui,3
uia,2
uias,2
uies,2
kou,2
hula,2
hule,2
hulk,2
ullo,2
hurt,2
urts,3
urty,2
usos,2
huz,3
huzz,2
hw,5
wyl,3
ydra,2
yens,2
hyla,2
ylic,2
ynde,3
yoi,4
yoid,3
yped,3
hyph,2
phy,7
hys,2
yso,3
hyt,2
yth,10
ythe,7
iam,2
iamb,2
ibri,2
icon,2
ctic,2
idda,2
ddu,2
idol,2
dyls,2
igge,2
gni,2
hra,3
iwi,3
iwis,2
ikan,2
kan,18
kats,2
ilea,3
ileu,2
leum,2
mago,2
maum,3
imba,3
imin,2
immi,2
mpr,2
imsh,2
msh,3
napt,2
inco,2
ncus,3
indo,2
ndol,2
ngan,2
inke,4
nked,2
nned,2
inni,3
inr,2
nsee,2
inti,2
inur,2
inv,2
nwi,2
nwit,2
iodi,3
odi,10
odic,2
odin,2
irid,3
irin,2
roko,2
sled,2
isn,3
isna,2
isse,2
item,2
tems,3
xor,3
izar,3
zard,2
zat,2
abot,2
jac,4
jack,2
jade,2
jaf,2
jag,6
jagg,2
jak,5
jake,3
jal,4
aleo,2
leo,6
jam,9
jamb,4
ambu,2
amun,2
jann,2
jap,4
apan,2
jape,3
jar,5
jas,8
jasp,2
jat,4
atis,5
jav,2
jaw,3
jea,2
jee,7
jeel,2
jeer,2
eera,2
jef,2
effs,3
jeh,2
ehu,3
jem,2
jess,2
essy,2
esu,3
esus,2
jete,2
eun,2
eune,2
ewie,2
jh,3
jib,6
jibb,2
jibe,3
jig,3
iha,2
jil,2
jim,3
jing,2
inns,3
jir,4
irga,2
irre,2
itis,4
jive,4
jn,2
jna,2
job,2
jobe,2
obed,4
joc,4
jock,3
ocko,2
joe,2
okol,3
kol,6
jole,2
jolt,2
jom,2
jomo,2
onty,3
jot,3
otu,4
ougs,2
jow,4
jowl,2
jub,2
uco,3
juk,3
juke,2
ukus,3
jul,2
junk,2
upo,3
upon,2
jura,2
jure,2
just,2
uste,2
jut,2
juv,2
uvi,2
aam,3
kab,4
kaba,2
kac,2
kad,3
kaf,2
kag,3
ahal,4
kai,13
aia,4
iak,3
aif,4
aifs,3
kaik,2
kail,2
aims,3
kain,2
kak,2
akis,5
kal,9
kala,2
kali,2
lua,3
kami,2
mik,7
kana,4
anas,6
kane,2
kang,2
anz,6
nzu,2
kapa,2
kaph,2
kapo,2
apok,2
kapu,3
aras,6
kare,2
aree,4
arez,2
rez,3
karn,2
karo,2
kars,2
kart,2
arzy,2
kata,2
atas,4
katt,2
kau,7
kaur,3
aury,2
kav,2
kava,2
kaw,4
kawa,2
ayos,2
kaz,2
azis,2
zis,2
bars,2
kedg,2
keef,2
keen,3
keet,2
keev,2
ehua,2
hua,4
kei,2
kell,3
kelp,3
kelt,2
kem,5
kemb,2
embs,2
kemp,3
naf,3
enos,3
kent,2
kep,2
erel,2
erf,8
erfs,6
kerm,2
kern,2
sar,22
ket,6
etol,2
kev,2
keye,2
khad,2
khan,2
khe,4
khet,2
hets,3
khi,3
hirs,3
kho,3
hoj,3
khu,2
huds,2
kia,8
iang,2
kib,5
kibb,2
kibe,2
ibla,2
kic,2
kick,2
kid,8
kidd,2
ddo,3
kide,2
kiev,2
kik,3
iley,3
kili,2
ln,9
lns,2
kilt,2
ilty,4
inas,5
kind,3
inda,2
inin,2
kip,7
kipa,2
ipa,8
pah,6
ipas,4
kipp,2
ipps,2
pps,5
kips,2
kirr,2
kite,4
kith,2
iths,4
itk,2
tk,4
tke,2
kiv,3
kla,2
lett,2
kli,4
klo,2
klu,2
luge,4
utz,2
nag,8
nags,2
naps,2
knar,2
nees,3
nell,3
nick,4
nits,3
niv,5
nive,3
nobs,2
nop,2
osp,2
nots,2
knou,2
nowd,2
nowe,2
knu,6
nub,4
nubs,2
knur,3
nurl,2
nurr,2
nuts,3
oans,4
oaps,2
kob,3
koe,2
kof,4
koff,2
ofta,2
kog,2
koh,3
kok,5
koka,2
okr,3
okra,2
kom,2
komb,2
ombu,2
koo,4
kook,2
oori,3
kop,4
opek,2
pek,11
ophs,4
pj,3
pje,3
oppa,3
kor,12
kora,4
oran,7
orat,3
oros,2
koru,2
kot,3
koto,2
krai,2
kran,4
kre,5
kree,3
reef,3
reng,3
riol,2
kro,4
kron,2
rona,2
kroo,2
kru,4
rubi,3
ksa,2
sars,3
kud,3
udus,3
udz,2
kug,2
kuk,3
kula,3
ulan,3
umis,2
kur,4
urre,3
urta,2
kut,6
kuta,2
utas,3
utus,2
uya,3
uyas,2
uzu,2
uzus,2
zus,2
kv,3
kva,2
vell,2
kw,5
kwa,2
kwi,2
wink,5
kya,5
yack,3
yang,2
yat,4
yats,2
ybo,4
kyli,3
kyn,2
kynd,2
ynds,4
kyr,3
kyt,3
kyte,2
yu,35
laar,2
abd,2
labi,2
abis,4
acka,3
cka,4
ladd,2
laga,3
laha,2
laic,2
aics,2
laig,2
akh,4
lamb,2
amby,2
lana,2
lapi,2
lapp,2
lard,2
lark,2
larn,2
assu,2
tah,4
tex,6
atk,2
atus,5
aua,2
aund,2
vr,9
vra,2
lawe,2
awer,5
laxe,3
axer,3
yup,3
lazz,2
zzi,2
eccy,2
edum,2
eea,2
lege,2
eggo,3
egn,5
egno,2
leh,3
ehr,3
ehrs,2
lema,2
emed,2
lemm,2
lene,2
engs,3
leno,2
leon,2
epta,2
pta,3
lere,2
esos,2
leuc,2
eves,5
levi,2
lez,4
lezz,3
ezza,2
ezzo,2
lian,3
liar,3
libr,3
lich,2
ichi,3
iens,3
life,3
ifey,2
igan,3
lilt,2
lima,3
imbi,3
imbs,3
imby,2
imen,2
linn,2
linu,2
isps,3
lita,2
itie,3
itr,8
itre,4
ivr,2
ivre,2
vre,2
liw,2
liwa,2
loan,2
obu,4
obus,2
loch,3
ochs,2
ochy,2
loci,2
ofts,3
logo,3
ohan,2
loid,2
oip,2
lol,9
loll,3
lolo,2
lome,2
looe,2
ofa,4
ooi,5
loon,2
lord,2
lori,2
tsa,4
lott,3
otus,2
oued,2
loui,2
oui,4
ouis,2
loun,2
loup,2
owen,2
ownd,4
wnd,4
lowt,3
lox,3
loxe,2
uach,2
lube,2
ucr,3
ucre,2
udic,2
ulu,6
ulus,4
lumm,2
umme,2
lune,2
unet,2
urex,2
lurg,2
urgi,2
luse,2
user,3
usus,2
uted,3
uvv,2
lux,3
luxe,3
uxed,2
weis,2
lya,4
yam,7
yams,2
lyar,2
yard,2
yart,3
lyc,3
lyce,2
ycee,2
lyn,2
ync,3
ynch,2
lys,8
lyse,2
lysi,2
ysi,4
yssa,2
yted,2
maa,4
maar,2
mab,2
mace,3
achi,2
agn,3
agna,2
ahr,2
ahrs,2
hwa,4
maik,3
mair,2
mais,2
maja,2
ajas,2
maka,4
akai,2
maki,2
mala,6
male,2
mali,3
malm,3
malt,3
mama,2
amak,3
mame,2
mami,3
mana,2
mand,3
mane,5
neb,6
mank,2
mann,2
mans,2
mant,5
manu,2
maq,2
mara,6
arae,2
aran,3
arcs,3
mard,2
marg,4
arid,2
mark,2
marl,3
marm,3
rua,3
masa,2
mase,3
mast,2
masu,3
sut,4
atai,2
math,2
atra,2
tsu,4
matt,3
matz,2
atz,2
tza,4
maul,2
maun,2
mav,4
mavi,3
maw,7
mawk,2
maxe,2
axis,2
maya,2
ayst,2
maza,4
zac,2
zak,3
azet,2
zet,4
meak,2
eake,2
mech,2
echs,5
edl,2
mei,9
meik,2
mein,3
einy,2
mek,4
mela,2
elas,2
meli,2
mem,3
ened,2
meng,2
ensa,2
enta,3
eow,2
ercs,2
merd,2
erde,2
mere,4
eris,2
merk,2
merl,2
mers,3
rsk,2
mesa,3
mese,3
mesi,2
sia,5
teg,4
meth,4
meti,3
etis,2
etre,2
mev,2
meve,2
eyn,2
mez,4
mezz,3
zze,2
miai,2
iai,4
iais,2
miao,2
icas,2
mich,3
mick,3
icra,2
idgy,2
ieux,2
eux,3
mif,3
miff,2
mih,2
ihi,3
mike,2
mill,3
milo,2
milt,3
mime,4
imis,2
msy,2
mina,3
incy,2
mind,2
ming,4
mink,2
mira,2
mire,3
miri,2
mirl,2
mirr,3
isal,2
sch,8
isos,2
mist,3
isto,2
miti,2
mitr,2
itry,2
mitt,2
itta,4
miv,2
mixe,4
mixi,2
ixte,2
xte,3
miz,4
mize,3
mne,2
moa,8
oaky,2
moan,3
oana,2
oany,2
mobe,4
obey,2
modi,2
modo,2
odom,2
odu,6
odus,3
moe,3
oen,2
moga,2
ogas,3
ogr,2
ohel,2
mohu,2
ohu,5
ohur,2
moil,2
oile,6
moir,2
oira,2
oire,3
moit,2
oity,2
moko,2
oler,3
moli,2
moll,5
molo,2
molt,4
olys,2
mom,8
momm,3
mona,3
mond,2
onde,4
moni,2
npe,3
mooe,2
mool,4
moon,4
moor,3
moot,3
mop,7
mope,4
opu,2
orae,2
morg,2
orgy,2
mori,2
orin,2
morn,3
morr,2
orra,2
orro,2
ruk,3
mose,3
osso,2
most,3
moth,2
oton,2
otz,3
oues,2
ouly,2
mox,2
oxas,2
xas,3
moy,3
moyl,2
moz,4
moze,2
pret,2
mra,4
muci,3
ucin,2
mudi,3
muf,3
muff,2
mugg,3
uggs,2
ugil,2
ugos,2
mui,5
muir,2
muk,2
ukt,2
kt,7
kti,2
uled,3
mull,2
muls,3
mump,2
mund,2
mung,6
unga,4
muni,2
munj,2
unja,2
munt,2
murg,2
murl,2
murr,5
murt,2
urva,2
uset,2
muss,2
usse,2
usta,2
mute,3
muti,2
mutt,2
utti,3
mux,2
muxe,2
muz,2
mv,3
mvu,3
mvul,3
vul,8
vula,2
vule,2
mya,2
myal,2
myn,3
myna,2
myo,6
yom,3
myop,3
yop,6
mysi,2
myt,3
myth,3
naa,3
aan,2
aans,2
nab,8
abla,2
nach,2
naev,2
naga,2
aice,2
nair,2
aira,2
akf,2
kf,2
nama,3
name,3
nanc,2
nant,5
nape,2
napo,2
poh,2
napp,3
narc,2
nari,2
nark,3
arod,2
natt,2
tya,2
nawa,2
wab,2
naz,5
nazi,2
azir,2
zir,5
neap,2
neat,3
nebe,2
nec,3
neck,2
eeld,2
neem,2
neg,3
negr,2
eifs,3
eiv,2
eive,2
neli,2
neo,4
nera,2
nerk,2
ervy,2
nest,2
nett,3
neu,4
euks,2
neum,2
ewt,2
exts,3
xts,3
nexu,2
xus,2
ngon,2
nib,2
ibby,2
nica,2
nies,2
nift,2
igga,2
igr,2
nik,3
nika,3
ikau,2
nimb,3
nine,2
inon,2
inta,2
opo,7
ipet,2
nir,4
nirl,2
isu,2
isus,2
iton,2
nitr,3
itro,2
nitt,3
niva,2
ivel,2
nix,4
nixe,3
zam,7
nmo,2
nmol,2
nodu,2
odum,2
noem,2
oem,5
oema,2
nogg,2
noil,2
noir,2
noke,2
nomo,2
nona,2
nonc,2
oncy,2
nond,2
none,2
noni,2
onis,2
nonn,3
nooi,2
nook,3
noon,2
nori,3
orie,4
oshi,2
nota,2
note,3
noul,3
noun,2
nova,2
novi,2
ovu,2
nowt,2
nox,3
noxa,2
noye,2
nrt,2
nsi,3
sim,7
sima,3
nude,2
udie,2
nug,2
ugae,2
nuk,3
nuke,2
null,4
nun,4
nunk,2
unu,3
uqu,2
uque,2
nurd,2
nurt,2
nuse,2
yaf,2
yaff,2
nyu,3
yuz,3
oare,3
obit,2
ochr,2
chr,2
tad,4
dals,2
odis,2
odou,2
odyl,2
ofu,3
ogee,3
ohi,2
okay,2
ehs,2
okie,2
kies,2
oldi,2
olei,3
lein,2
oleo,2
pae,8
omd,4
omda,2
mda,2
mees,2
omia,2
mrah,2
nces,2
onla,2
nlap,2
aas,3
ooid,2
ooj,2
ooja,2
oopa,2
pens,3
pep,7
oppo,3
opsi,2
opte,2
pz,2
zit,5
orac,2
orf,2
rfe,2
rix,2
orlo,2
rlo,2
rped,2
osc,3
osca,2
skin,4
osm,2
smic,2
smol,2
sone,2
osti,2
tary,2
uche,2
ouen,2
upas,3
ouph,2
uph,2
phe,8
outr,2
utr,3
ouz,4
ouze,2
uzel,2
vals,2
ovis,2
ovol,2
vol,15
owc,2
wies,2
wrie,4
oxim,2
oxm,2
ozz,2
paa,3
paca,3
acay,2
pack,3
acos,2
pada,2
addo,2
pado,2
padr,2
aea,2
paed,2
pahi,2
pail,2
paip,2
pair,2
pais,2
pakk,2
akki,2
kki,2
paku,2
kua,2
pala,4
alak,2
pall,5
palm,2
palp,2
ampa,2
nax,2
panc,2
pand,3
pang,3
anko,2
pann,4
pant,3
pao,3
paol,2
papp,2
para,2
parc,2
pard,4
parg,2
pari,2
parl,2
parm,3
parv,2
pasa,2
asar,2
pase,2
pash,2
shm,3
pass,2
pate,7
atel,2
tka,2
paul,2
pav,12
pava,2
pave,4
pavi,4
pawa,2
waw,4
pawe,2
pawk,2
pawl,2
peag,2
peal,2
pean,2
peas,2
peat,3
pect,2
ects,2
pedo,2
edon,2
edos,2
edr,2
peel,3
peen,2
peep,3
eepy,3
peer,3
peev,2
peg,6
egos,4
pei,7
pein,2
eine,3
peis,2
peka,2
peke,2
peki,2
eko,2
pela,2
pelo,2
peni,2
peo,4
peon,2
pepl,2
epla,2
pepo,2
epos,2
erai,3
erce,2
perd,2
pere,2
perl,2
pern,2
erst,2
perv,4
ervo,2
petr,2
etri,2
pew,5
pewe,2
ewit,2
pf,2
phar,2
heo,4
hies,4
hish,3
phoo,2
hots,3
phu,3
phut,2
phyl,2
ysa,2
ians,2
pica,3
ical,2
pico,2
pier,3
pika,2
ikis,3
pila,6
lao,2
pile,7
pili,2
ilis,2
pilu,2
pim,3
pina,3
pind,2
pinn,2
pino,3
nup,3
pion,2
pioy,2
ioy,2
pipa,2
pipi,3
ipis,2
ipu,3
pirr,3
pito,2
pits,3
pitt,2
pize,3
ized,2
izer,2
plag,2
anh,2
nh,6
plas,3
laty,2
plau,2
play,4
pleb,2
plen,3
plin,2
lish,2
plo,21
ploc,2
plon,2
ploo,2
plot,2
plou,2
plow,2
ploy,2
plut,3
poa,4
poak,2
pob,2
pock,2
podg,2
poet,2
pog,5
pogg,2
poki,2
pole,4
poli,2
lj,2
poll,3
pom,8
pomm,2
pomp,2
ponc,2
pond,2
pone,2
pong,4
ongy,2
pont,3
pooe,2
pooh,2
poor,3
poot,3
poov,2
opos,3
pora,2
porg,2
pork,3
porn,3
posh,2
poso,2
post,2
pota,2
pote,2
pots,2
pott,3
pouf,3
pouk,2
poul,3
poup,2
powi,3
pown,3
owsy,2
poxe,2
poy,6
prad,2
prag,2
rahu,2
rao,3
raos,2
prat,5
pred,2
redy,2
reif,4
reke,4
prem,2
preo,2
resa,5
reta,4
pria,2
rian,2
rima,2
rion,2
proa,2
prod,3
prog,2
prol,2
prom,2
root,4
pror,2
rora,2
roul,3
royn,2
runo,2
uno,5
pry,3
psh,2
shut,3
psoa,3
sora,3
syc,4
typ,9
type,4
puc,5
puce,2
puck,2
udor,2
puds,2
udsy,2
dsy,2
pue,4
puer,2
pug,3
puj,2
puja,2
puk,7
puke,4
pula,2
pule,4
puli,2
pulk,2
pull,3
ulmo,2
lmo,2
pulu,2
pum,6
pump,2
pung,5
nka,3
punt,3
pupa,3
pura,2
urao,2
purd,2
puri,2
purp,2
purr,3
puta,2
puti,2
puto,2
puz,2
pya,2
yet,4
yga,2
ygal,2
pyn,2
pyne,2
yned,3
pyo,2
pyr,8
pyra,2
yran,2
pyre,3
yuf,2
pyx,4
pyxe,2
yxe,2
pyxi,2
yxi,2
zaz,2
qo,2
quab,2
uab,2
quan,2
quaw,3
uaw,3
quay,2
uay,2
uete,2
quey,3
quin,6
uina,2
uins,2
uint,2
quoi,4
uoi,4
quor,2
qur,2
aak,2
radd,2
radg,2
rafi,2
raga,2
rage,4
ragg,3
ragi,2
ragu,2
raia,2
raik,3
akhi,2
raki,2
akia,2
rami,3
mse,2
rani,2
rann,2
rasa,2
rato,2
avey,3
raxe,2
raya,2
rayl,2
zai,5
ebec,3
rebi,2
recc,3
ecco,2
ecta,2
dds,4
redi,5
redu,3
dug,2
refa,2
regi,2
egie,2
ehe,2
reik,2
rej,3
eney,2
reni,2
epas,2
repo,2
repu,2
epu,2
reso,3
sod,6
resu,2
reti,4
rewa,2
ewin,2
won,8
rhe,4
rho,3
hymy,2
ymy,3
riat,2
rich,2
ikka,2
rile,3
imon,2
imu,2
roar,2
robu,2
rohu,2
rois,2
roj,2
romp,4
oque,2
rori,3
rort,2
rosi,2
rota,3
rott,4
roue,3
oupy,2
upy,2
owm,2
rowt,2
roys,2
ruba,2
rube,2
rubl,2
ubl,2
ubo,2
rubu,2
ruch,2
udds,2
rudi,2
ruga,3
ukh,2
ukhs,2
rull,2
runc,2
uned,2
uner,2
unup,2
ryi,2
ryij,2
yij,2
rym,3
ryo,2
ryot,2
ypi,2
yug,2
sab,14
sabe,3
sabi,2
sabo,2
abos,2
sabr,2
sac,3
sacr,2
sadd,2
sade,2
sadh,2
dhe,2
sadi,3
saga,2
sah,3
saic,3
sak,6
sake,2
saki,2
akt,2
sale,3
sali,3
salp,2
salu,3
sama,2
samb,2
same,6
samf,2
amf,2
samp,2
sang,4
sant,2
sare,2
sarg,2
sari,3
sark,2
saro,2
arus,2
sata,2
tay,3
sate,4
saul,2
save,4
sawe,2
saye,3
scap,3
scat,3
scau,3
hmo,2
scri,2
scro,5
scud,3
scuf,2
scul,4
scur,2
scut,3
sea,10
seam,3
sear,2
sede,2
sedg,2
seel,3
seep,2
sega,2
segn,2
sego,2
hri,4
seis,2
sek,2
self,2
elk,7
sell,3
semi,2
sene,2
sent,3
sepa,2
epal,2
epoy,2
sept,2
sera,3
sere,3
sero,2
serr,4
seta,3
vak,3
sewa,2
ewen,2
sexe,3
sext,2
shay,2
shew,2
shil,2
hims,2
shis,3
shit,2
shiv,3
shl,2
shoe,3
shog,2
shoj,2
shop,2
horl,2
shot,3
oyu,2
shtu,2
htu,2
shul,3
uln,6
sib,3
sick,3
sidh,2
idh,2
sien,2
sign,2
sik,3
sike,2
silt,2
inh,2
nhs,2
sink,2
sip,3
sipe,2
siri,2
irra,2
sist,2
itar,2
site,2
situ,2
itup,2
sixe,2
siz,5
size,4
izel,2
skea,2
skee,8
skeg,2
keg,3
skel,4
sken,2
skit,2
skiv,2
skof,2
skr,3
skye,3
kye,3
skyr,2
slip,3
slub,2
slue,2
smee,2
smoo,2
smor,2
smu,4
nary,2
snic,2
snie,2
snoe,2
soar,2
soc,6
oces,2
sock,2
sof,5
sofa,2
soft,3
soi,2
soil,2
soj,2
oju,2
ojus,2
sok,4
soke,2
olan,2
sold,4
sole,4
solo,2
solu,2
soma,2
song,3
sonn,2
sons,2
sook,2
sool,2
sop,6
soph,2
sorb,3
sord,3
sore,6
sort,2
souc,2
soul,2
soup,2
sowf,2
sowl,2
sown,2
soy,3
spae,3
spai,3
spal,4
spat,2
spay,2
spaz,2
spei,2
spew,2
spif,2
pif,2
spod,2
spos,3
spru,2
spue,3
spum,2
sque,3
stad,2
taig,3
tans,3
stap,2
tarn,2
tarr,3
tars,3
tatu,2
taws,2
sted,3
teem,2
teen,5
teil,2
stel,3
tela,2
tele,3
tell,3
stem,2
teme,3
sten,4
tend,3
step,2
tere,3
stew,2
tich,2
stie,2
stim,3
stip,2
tire,3
stiv,2
tiv,2
stoa,4
toe,2
stog,2
tog,7
toit,3
oln,2
toma,2
tond,3
tonk,3
tonn,2
tope,6
toss,2
stot,2
tott,2
toun,2
tour,2
stow,3
town,4
tows,3
trag,5
stre,2
trew,2
trig,3
trim,2
trow,2
troy,2
stul,2
tumm,2
stup,2
tupe,2
stur,2
tush,2
stye,2
tye,4
stym,2
tyre,3
tyt,2
sub,9
suba,4
suc,4
ucc,3
suck,2
sud,4
suet,3
uhur,2
suk,3
sulf,2
sump,2
upra,2
surf,2
urfy,2
suse,2
wad,10
swag,2
swai,2
wail,2
wain,3
swal,2
swan,3
wank,4
swap,2
wap,2
wats,2
weal,3
wede,2
weer,2
wees,2
werf,2
wey,2
wigs,2
wip,4
wipe,4
wire,5
swit,2
with,4
wits,2
wiv,4
wive,4
wiz,4
wizz,2
swol,3
woll,2
swop,2
wop,2
syb,4
sybo,2
syce,2
yco,2
ycon,2
sye,2
syk,2
syke,2
sync,2
syne,2
syp,3
sype,2
yren,2
taa,2
tabe,2
tabi,2
tabu,2
tace,2
tach,4
takh,2
taki,2
tala,4
talc,2
talu,2
tama,2
tami,2
tant,4
targ,2
tase,3
tass,3
taut,2
tava,2
tawa,3
tawe,2
taxe,3
taxo,3
xol,2
taz,2
tazz,2
tec,4
tech,2
echy,2
eeny,2
eny,2
eggs,2
tegu,2
teli,2
telo,2
tenn,3
enon,2
tepa,2
tera,2
terf,2
tetr,2
teu,2
tewe,2
text,2
thar,2
thaw,3
thee,3
hens,2
theo,2
thew,2
higs,2
thil,2
hilk,2
thol,2
thra,2
thri,2
ymi,2
icca,2
tice,2
ichy,2
tide,2
tiki,2
tine,3
titi,3
tiy,2
iyn,2
tiz,2
toad,2
oea,5
oeas,2
tof,4
toff,2
toga,2
toge,2
toil,2
tola,3
tomb,2
tome,2
tomi,2
tomm,2
tomo,2
toph,3
topo,2
tora,3
tori,2
toro,2
tort,3
tose,2
tous,2
touz,2
towz,2
owz,3
wz,3
toy,4
toye,2
toyo,2
toz,3
toze,2
tran,4
rapt,3
trat,2
tree,3
trem,2
tres,2
trey,2
trif,2
tril,2
trin,2
trio,3
troa,3
trod,2
tron,5
trot,2
trug,2
tsad,2
tsub,2
tuft,2
ufts,2
tulp,2
tune,3
turf,2
turm,2
urm,3
turn,2
tusk,2
tute,2
tutt,2
ween,3
twer,2
twil,2
wilt,2
twit,2
wite,3
two,3
woc,2
wonk,3
yees,2
tyn,3
tyne,2
yog,7
ulna,4
lna,4
ulv,2
ulva,2
umbe,2
umia,3
umr,2
umra,2
unb,6
unba,3
nba,3
unh,2
unke,3
unla,3
unle,3
unma,2
nma,2
unp,7
unpe,2
unr,4
unri,3
nri,3
unsa,2
upb,2
pb,2
upd,2
pd,2
bex,2
urea,2
uren,2
usn,2
uvea,2
veal,4
vac,5
vaca,2
vacu,3
vair,3
vam,2
vamp,2
vane,2
vang,2
vape,3
vara,2
vard,3
vare,2
vari,2
vaut,2
veer,2
vei,4
veil,2
vein,2
veld,2
vena,3
vend,2
verb,2
erba,2
verr,3
rtu,2
vest,2
vex,4
vexe,3
vib,4
vibe,4
vice,2
view,2
iew,2
vif,2
vina,2
vire,3
virg,3
ised,2
visn,2
viva,2
ivd,2
vd,2
vive,2
izi,2
vl,4
vola,2
vole,3
volk,2
lke,3
volt,4
volv,2
vox,2
voxe,2
vro,4
vrou,2
vug,4
vugg,2
vugh,2
wadd,2
wade,3
ahoo,2
waif,2
wald,2
wali,2
wall,3
wame,2
wane,3
wanl,2
want,3
anze,2
warb,2
wasp,2
waul,2
web,2
week,2
wef,2
weft,2
welk,3
elks,2
wex,2
wexe,2
wham,2
what,2
whau,2
whip,2
whor,3
whu,2
wick,2
wife,3
wigg,2
winn,2
wirr,2
wize,2
woa,3
woad,2
wod,2
wodg,2
womb,2
wong,2
woof,2
woos,2
worm,2
wow,3
wowe,2
owee,2
wrap,2
wud,2
wus,3
wyle,2
wyn,2
wyt,3
wyte,2
xeni,2
ylem,2
xyst,2
yaa,2
yab,3
yabb,2
yag,4
yage,2
yamp,2
yap,4
yapo,2
yapp,2
yarr,2
yaw,6
yawe,2
yawn,2
yec,3
yech,2
yent,2
yest,2
yeu,3
yeuk,2
yev,2
yeve,2
yex,2
yexe,2
yik,2
yike,2
yip,2
yir,4
yit,2
ylid,2
yob,2
yobb,2
yod,3
yogi,3
yoha,2
yok,7
yoke,5
yol,3
yolk,2
yoni,2
your,3
yow,6
yowe,2
yuc,6
yucc,2
yuck,3
yuk,4
yuke,2
yul,2
yum,3
yumm,2
yur,2
yurt,2
zaid,3
zama,3
zami,2
zanz,2
zay,2
zebu,2
zhu,2
zill,2
zim,3
zimb,2
zinc,3
zing,2
zink,2
zipp,2
ziz,2
zlot,2
zob,2
zoe,3
zoea,3
zois,2
zooe,2
zoom,2
zop,2
zopp,2
zori,2
zow,2
zup,3
zupa,2
